UserID,Age,AgeGroup,Gender,GenderEncoded,AgeGroupEncoded,Cluster,Segment
U00001,15,15-20,Male,0,0,1,Young Male Learners
U00002,29,21-30,Female,1,1,0,Young Female Learners
U00003,33,31-40,Female,1,2,3,Adult Male Learners
U00004,23,21-30,Female,1,1,0,Young Female Learners
U00005,21,21-30,Male,0,1,2,Adult Female Learners
U00006,21,21-30,Male,0,1,2,Adult Female Learners
U00007,24,21-30,Male,0,1,2,Adult Female Learners
U00008,33,31-40,Female,1,2,3,Adult Male Learners
U00009,20,15-20,Female,1,0,1,Young Male Learners
U00010,34,31-40,Female,1,2,3,Adult Male Learners
U00011,15,15-20,Female,1,0,1,Young Male Learners
U00012,15,15-20,Female,1,0,1,Young Male Learners
U00013,33,31-40,Female,1,2,3,Adult Male Learners
U00014,30,21-30,Male,0,1,2,Adult Female Learners
U00015,27,21-30,Female,1,1,0,Young Female Learners
U00016,32,31-40,Male,0,2,3,Adult Male Learners
U00017,24,21-30,Male,0,1,2,Adult Female Learners
U00018,24,21-30,Female,1,1,0,Young Female Learners
U00019,24,21-30,Female,1,1,0,Young Female Learners
U00020,27,21-30,Female,1,1,0,Young Female Learners
U00021,15,15-20,Male,0,0,1,Young Male Learners
U00022,31,31-40,Male,0,2,3,Adult Male Learners
U00023,32,31-40,Male,0,2,3,Adult Male Learners
U00024,18,15-20,Female,1,0,1,Young Male Learners
U00025,34,31-40,Male,0,2,3,Adult Male Learners
U00026,19,15-20,Male,0,0,1,Young Male Learners
U00027,31,31-40,Male,0,2,3,Adult Male Learners
U00028,30,21-30,Female,1,1,0,Young Female Learners
U00029,30,21-30,Male,0,1,2,Adult Female Learners
U00030,34,31-40,Male,0,2,3,Adult Male Learners
U00031,30,21-30,Male,0,1,2,Adult Female Learners
U00032,18,15-20,Male,0,0,1,Young Male Learners
U00033,25,21-30,Male,0,1,2,Adult Female Learners
U00034,32,31-40,Female,1,2,3,Adult Male Learners
U00035,32,31-40,Male,0,2,3,Adult Male Learners
U00036,24,21-30,Female,1,1,0,Young Female Learners
U00037,31,31-40,Female,1,2,3,Adult Male Learners
U00038,35,31-40,Male,0,2,3,Adult Male Learners
U00039,16,15-20,Female,1,0,1,Young Male Learners
U00040,15,15-20,Male,0,0,1,Young Male Learners
U00041,19,15-20,Female,1,0,1,Young Male Learners
U00042,32,31-40,Male,0,2,3,Adult Male Learners
U00043,31,31-40,Male,0,2,3,Adult Male Learners
U00044,19,15-20,Male,0,0,1,Young Male Learners
U00045,23,21-30,Female,1,1,0,Young Female Learners
U00046,29,21-30,Female,1,1,0,Young Female Learners
U00047,34,31-40,Male,0,2,3,Adult Male Learners
U00048,19,15-20,Male,0,0,1,Young Male Learners
U00049,32,31-40,Male,0,2,3,Adult Male Learners
U00050,33,31-40,Male,0,2,3,Adult Male Learners
U00051,32,31-40,Female,1,2,3,Adult Male Learners
U00052,25,21-30,Female,1,1,0,Young Female Learners
U00053,34,31-40,Female,1,2,3,Adult Male Learners
U00054,22,21-30,Female,1,1,0,Young Female Learners
U00055,31,31-40,Female,1,2,3,Adult Male Learners
U00056,22,21-30,Female,1,1,0,Young Female Learners
U00057,18,15-20,Male,0,0,1,Young Male Learners
U00058,30,21-30,Female,1,1,0,Young Female Learners
U00059,32,31-40,Male,0,2,3,Adult Male Learners
U00060,26,21-30,Male,0,1,2,Adult Female Learners
U00061,32,31-40,Female,1,2,3,Adult Male Learners
U00062,28,21-30,Female,1,1,0,Young Female Learners
U00063,34,31-40,Female,1,2,3,Adult Male Learners
U00064,33,31-40,Female,1,2,3,Adult Male Learners
U00065,29,21-30,Male,0,1,2,Adult Female Learners
U00066,26,21-30,Female,1,1,0,Young Female Learners
U00067,28,21-30,Female,1,1,0,Young Female Learners
U00068,32,31-40,Male,0,2,3,Adult Male Learners
U00069,27,21-30,Female,1,1,0,Young Female Learners
U00070,25,21-30,Female,1,1,0,Young Female Learners
U00071,30,21-30,Female,1,1,0,Young Female Learners
U00072,17,15-20,Female,1,0,1,Young Male Learners
U00073,16,15-20,Male,0,0,1,Young Male Learners
U00074,19,15-20,Male,0,0,1,Young Male Learners
U00075,22,21-30,Male,0,1,2,Adult Female Learners
U00076,34,31-40,Male,0,2,3,Adult Male Learners
U00077,20,15-20,Male,0,0,1,Young Male Learners
U00078,32,31-40,Female,1,2,3,Adult Male Learners
U00079,28,21-30,Male,0,1,2,Adult Female Learners
U00080,35,31-40,Female,1,2,3,Adult Male Learners
U00081,18,15-20,Female,1,0,1,Young Male Learners
U00082,31,31-40,Male,0,2,3,Adult Male Learners
U00083,16,15-20,Male,0,0,1,Young Male Learners
U00084,20,15-20,Male,0,0,1,Young Male Learners
U00085,22,21-30,Female,1,1,0,Young Female Learners
U00086,27,21-30,Female,1,1,0,Young Female Learners
U00087,19,15-20,Female,1,0,1,Young Male Learners
U00088,23,21-30,Male,0,1,2,Adult Female Learners
U00089,30,21-30,Male,0,1,2,Adult Female Learners
U00090,34,31-40,Male,0,2,3,Adult Male Learners
U00091,35,31-40,Male,0,2,3,Adult Male Learners
U00092,31,31-40,Male,0,2,3,Adult Male Learners
U00093,16,15-20,Male,0,0,1,Young Male Learners
U00094,27,21-30,Male,0,1,2,Adult Female Learners
U00095,20,15-20,Male,0,0,1,Young Male Learners
U00096,34,31-40,Female,1,2,3,Adult Male Learners
U00097,25,21-30,Male,0,1,2,Adult Female Learners
U00098,31,31-40,Male,0,2,3,Adult Male Learners
U00099,29,21-30,Female,1,1,0,Young Female Learners
U00100,32,31-40,Female,1,2,3,Adult Male Learners
U00101,15,15-20,Female,1,0,1,Young Male Learners
U00102,32,31-40,Male,0,2,3,Adult Male Learners
U00103,30,21-30,Female,1,1,0,Young Female Learners
U00104,19,15-20,Male,0,0,1,Young Male Learners
U00105,27,21-30,Male,0,1,2,Adult Female Learners
U00106,19,15-20,Male,0,0,1,Young Male Learners
U00107,18,15-20,Female,1,0,1,Young Male Learners
U00108,32,31-40,Male,0,2,3,Adult Male Learners
U00109,15,15-20,Female,1,0,1,Young Male Learners
U00110,26,21-30,Female,1,1,0,Young Female Learners
U00111,24,21-30,Male,0,1,2,Adult Female Learners
U00112,34,31-40,Female,1,2,3,Adult Male Learners
U00113,19,15-20,Male,0,0,1,Young Male Learners
U00114,22,21-30,Female,1,1,0,Young Female Learners
U00115,32,31-40,Female,1,2,3,Adult Male Learners
U00116,31,31-40,Male,0,2,3,Adult Male Learners
U00117,19,15-20,Female,1,0,1,Young Male Learners
U00118,28,21-30,Female,1,1,0,Young Female Learners
U00119,28,21-30,Male,0,1,2,Adult Female Learners
U00120,15,15-20,Male,0,0,1,Young Male Learners
U00121,27,21-30,Female,1,1,0,Young Female Learners
U00122,21,21-30,Female,1,1,0,Young Female Learners
U00123,18,15-20,Female,1,0,1,Young Male Learners
U00124,19,15-20,Female,1,0,1,Young Male Learners
U00125,35,31-40,Female,1,2,3,Adult Male Learners
U00126,23,21-30,Female,1,1,0,Young Female Learners
U00127,34,31-40,Female,1,2,3,Adult Male Learners
U00128,35,31-40,Female,1,2,3,Adult Male Learners
U00129,19,15-20,Male,0,0,1,Young Male Learners
U00130,17,15-20,Male,0,0,1,Young Male Learners
U00131,19,15-20,Male,0,0,1,Young Male Learners
U00132,22,21-30,Male,0,1,2,Adult Female Learners
U00133,21,21-30,Male,0,1,2,Adult Female Learners
U00134,26,21-30,Female,1,1,0,Young Female Learners
U00135,17,15-20,Female,1,0,1,Young Male Learners
U00136,25,21-30,Female,1,1,0,Young Female Learners
U00137,15,15-20,Female,1,0,1,Young Male Learners
U00138,26,21-30,Male,0,1,2,Adult Female Learners
U00139,16,15-20,Female,1,0,1,Young Male Learners
U00140,24,21-30,Female,1,1,0,Young Female Learners
U00141,20,15-20,Male,0,0,1,Young Male Learners
U00142,17,15-20,Female,1,0,1,Young Male Learners
U00143,26,21-30,Male,0,1,2,Adult Female Learners
U00144,24,21-30,Female,1,1,0,Young Female Learners
U00145,23,21-30,Female,1,1,0,Young Female Learners
U00146,30,21-30,Female,1,1,0,Young Female Learners
U00147,30,21-30,Male,0,1,2,Adult Female Learners
U00148,35,31-40,Female,1,2,3,Adult Male Learners
U00149,17,15-20,Female,1,0,1,Young Male Learners
U00150,25,21-30,Male,0,1,2,Adult Female Learners
U00151,16,15-20,Female,1,0,1,Young Male Learners
U00152,19,15-20,Female,1,0,1,Young Male Learners
U00153,35,31-40,Male,0,2,3,Adult Male Learners
U00154,29,21-30,Male,0,1,2,Adult Female Learners
U00155,27,21-30,Male,0,1,2,Adult Female Learners
U00156,17,15-20,Male,0,0,1,Young Male Learners
U00157,32,31-40,Female,1,2,3,Adult Male Learners
U00158,35,31-40,Female,1,2,3,Adult Male Learners
U00159,16,15-20,Male,0,0,1,Young Male Learners
U00160,28,21-30,Female,1,1,0,Young Female Learners
U00161,25,21-30,Female,1,1,0,Young Female Learners
U00162,26,21-30,Male,0,1,2,Adult Female Learners
U00163,32,31-40,Female,1,2,3,Adult Male Learners
U00164,32,31-40,Male,0,2,3,Adult Male Learners
U00165,30,21-30,Male,0,1,2,Adult Female Learners
U00166,33,31-40,Male,0,2,3,Adult Male Learners
U00167,31,31-40,Female,1,2,3,Adult Male Learners
U00168,24,21-30,Female,1,1,0,Young Female Learners
U00169,24,21-30,Male,0,1,2,Adult Female Learners
U00170,34,31-40,Female,1,2,3,Adult Male Learners
U00171,24,21-30,Male,0,1,2,Adult Female Learners
U00172,35,31-40,Female,1,2,3,Adult Male Learners
U00173,31,31-40,Male,0,2,3,Adult Male Learners
U00174,29,21-30,Male,0,1,2,Adult Female Learners
U00175,32,31-40,Female,1,2,3,Adult Male Learners
U00176,34,31-40,Male,0,2,3,Adult Male Learners
U00177,29,21-30,Female,1,1,0,Young Female Learners
U00178,20,15-20,Male,0,0,1,Young Male Learners
U00179,34,31-40,Male,0,2,3,Adult Male Learners
U00180,26,21-30,Female,1,1,0,Young Female Learners
U00181,32,31-40,Female,1,2,3,Adult Male Learners
U00182,28,21-30,Female,1,1,0,Young Female Learners
U00183,33,31-40,Male,0,2,3,Adult Male Learners
U00184,28,21-30,Male,0,1,2,Adult Female Learners
U00185,27,21-30,Male,0,1,2,Adult Female Learners
U00186,28,21-30,Female,1,1,0,Young Female Learners
U00187,18,15-20,Male,0,0,1,Young Male Learners
U00188,18,15-20,Male,0,0,1,Young Male Learners
U00189,18,15-20,Male,0,0,1,Young Male Learners
U00190,25,21-30,Female,1,1,0,Young Female Learners
U00191,34,31-40,Male,0,2,3,Adult Male Learners
U00192,17,15-20,Male,0,0,1,Young Male Learners
U00193,33,31-40,Male,0,2,3,Adult Male Learners
U00194,35,31-40,Male,0,2,3,Adult Male Learners
U00195,15,15-20,Male,0,0,1,Young Male Learners
U00196,23,21-30,Female,1,1,0,Young Female Learners
U00197,35,31-40,Female,1,2,3,Adult Male Learners
U00198,30,21-30,Female,1,1,0,Young Female Learners
U00199,24,21-30,Female,1,1,0,Young Female Learners
U00200,32,31-40,Male,0,2,3,Adult Male Learners
U00201,16,15-20,Male,0,0,1,Young Male Learners
U00202,28,21-30,Female,1,1,0,Young Female Learners
U00203,25,21-30,Female,1,1,0,Young Female Learners
U00204,28,21-30,Female,1,1,0,Young Female Learners
U00205,32,31-40,Male,0,2,3,Adult Male Learners
U00206,19,15-20,Female,1,0,1,Young Male Learners
U00207,33,31-40,Male,0,2,3,Adult Male Learners
U00208,18,15-20,Female,1,0,1,Young Male Learners
U00209,26,21-30,Male,0,1,2,Adult Female Learners
U00210,30,21-30,Male,0,1,2,Adult Female Learners
U00211,22,21-30,Male,0,1,2,Adult Female Learners
U00212,30,21-30,Female,1,1,0,Young Female Learners
U00213,15,15-20,Male,0,0,1,Young Male Learners
U00214,24,21-30,Female,1,1,0,Young Female Learners
U00215,28,21-30,Male,0,1,2,Adult Female Learners
U00216,23,21-30,Male,0,1,2,Adult Female Learners
U00217,28,21-30,Male,0,1,2,Adult Female Learners
U00218,15,15-20,Female,1,0,1,Young Male Learners
U00219,23,21-30,Female,1,1,0,Young Female Learners
U00220,20,15-20,Male,0,0,1,Young Male Learners
U00221,27,21-30,Male,0,1,2,Adult Female Learners
U00222,28,21-30,Male,0,1,2,Adult Female Learners
U00223,35,31-40,Female,1,2,3,Adult Male Learners
U00224,15,15-20,Female,1,0,1,Young Male Learners
U00225,18,15-20,Male,0,0,1,Young Male Learners
U00226,34,31-40,Female,1,2,3,Adult Male Learners
U00227,23,21-30,Male,0,1,2,Adult Female Learners
U00228,18,15-20,Male,0,0,1,Young Male Learners
U00229,22,21-30,Male,0,1,2,Adult Female Learners
U00230,17,15-20,Female,1,0,1,Young Male Learners
U00231,16,15-20,Male,0,0,1,Young Male Learners
U00232,26,21-30,Female,1,1,0,Young Female Learners
U00233,32,31-40,Male,0,2,3,Adult Male Learners
U00234,32,31-40,Male,0,2,3,Adult Male Learners
U00235,34,31-40,Male,0,2,3,Adult Male Learners
U00236,25,21-30,Female,1,1,0,Young Female Learners
U00237,20,15-20,Male,0,0,1,Young Male Learners
U00238,24,21-30,Female,1,1,0,Young Female Learners
U00239,32,31-40,Female,1,2,3,Adult Male Learners
U00240,34,31-40,Female,1,2,3,Adult Male Learners
U00241,23,21-30,Female,1,1,0,Young Female Learners
U00242,27,21-30,Male,0,1,2,Adult Female Learners
U00243,24,21-30,Female,1,1,0,Young Female Learners
U00244,28,21-30,Male,0,1,2,Adult Female Learners
U00245,31,31-40,Female,1,2,3,Adult Male Learners
U00246,31,31-40,Male,0,2,3,Adult Male Learners
U00247,30,21-30,Female,1,1,0,Young Female Learners
U00248,17,15-20,Male,0,0,1,Young Male Learners
U00249,35,31-40,Female,1,2,3,Adult Male Learners
U00250,21,21-30,Male,0,1,2,Adult Female Learners
U00251,28,21-30,Female,1,1,0,Young Female Learners
U00252,29,21-30,Female,1,1,0,Young Female Learners
U00253,19,15-20,Male,0,0,1,Young Male Learners
U00254,19,15-20,Female,1,0,1,Young Male Learners
U00255,26,21-30,Female,1,1,0,Young Female Learners
U00256,35,31-40,Female,1,2,3,Adult Male Learners
U00257,29,21-30,Male,0,1,2,Adult Female Learners
U00258,19,15-20,Male,0,0,1,Young Male Learners
U00259,35,31-40,Male,0,2,3,Adult Male Learners
U00260,35,31-40,Male,0,2,3,Adult Male Learners
U00261,28,21-30,Female,1,1,0,Young Female Learners
U00262,24,21-30,Male,0,1,2,Adult Female Learners
U00263,15,15-20,Male,0,0,1,Young Male Learners
U00264,18,15-20,Female,1,0,1,Young Male Learners
U00265,15,15-20,Male,0,0,1,Young Male Learners
U00266,25,21-30,Female,1,1,0,Young Female Learners
U00267,34,31-40,Male,0,2,3,Adult Male Learners
U00268,29,21-30,Female,1,1,0,Young Female Learners
U00269,22,21-30,Female,1,1,0,Young Female Learners
U00270,23,21-30,Male,0,1,2,Adult Female Learners
U00271,15,15-20,Male,0,0,1,Young Male Learners
U00272,25,21-30,Male,0,1,2,Adult Female Learners
U00273,25,21-30,Female,1,1,0,Young Female Learners
U00274,32,31-40,Female,1,2,3,Adult Male Learners
U00275,28,21-30,Female,1,1,0,Young Female Learners
U00276,22,21-30,Female,1,1,0,Young Female Learners
U00277,21,21-30,Male,0,1,2,Adult Female Learners
U00278,27,21-30,Male,0,1,2,Adult Female Learners
U00279,24,21-30,Male,0,1,2,Adult Female Learners
U00280,15,15-20,Male,0,0,1,Young Male Learners
U00281,30,21-30,Female,1,1,0,Young Female Learners
U00282,19,15-20,Male,0,0,1,Young Male Learners
U00283,28,21-30,Male,0,1,2,Adult Female Learners
U00284,30,21-30,Male,0,1,2,Adult Female Learners
U00285,29,21-30,Female,1,1,0,Young Female Learners
U00286,24,21-30,Female,1,1,0,Young Female Learners
U00287,21,21-30,Female,1,1,0,Young Female Learners
U00288,35,31-40,Male,0,2,3,Adult Male Learners
U00289,17,15-20,Female,1,0,1,Young Male Learners
U00290,17,15-20,Female,1,0,1,Young Male Learners
U00291,16,15-20,Female,1,0,1,Young Male Learners
U00292,33,31-40,Male,0,2,3,Adult Male Learners
U00293,25,21-30,Female,1,1,0,Young Female Learners
U00294,21,21-30,Female,1,1,0,Young Female Learners
U00295,29,21-30,Male,0,1,2,Adult Female Learners
U00296,31,31-40,Female,1,2,3,Adult Male Learners
U00297,29,21-30,Male,0,1,2,Adult Female Learners
U00298,32,31-40,Male,0,2,3,Adult Male Learners
U00299,20,15-20,Female,1,0,1,Young Male Learners
U00300,26,21-30,Female,1,1,0,Young Female Learners
U00301,26,21-30,Male,0,1,2,Adult Female Learners
U00302,34,31-40,Female,1,2,3,Adult Male Learners
U00303,35,31-40,Male,0,2,3,Adult Male Learners
U00304,35,31-40,Male,0,2,3,Adult Male Learners
U00305,22,21-30,Male,0,1,2,Adult Female Learners
U00306,28,21-30,Male,0,1,2,Adult Female Learners
U00307,33,31-40,Female,1,2,3,Adult Male Learners
U00308,26,21-30,Male,0,1,2,Adult Female Learners
U00309,27,21-30,Male,0,1,2,Adult Female Learners
U00310,26,21-30,Female,1,1,0,Young Female Learners
U00311,18,15-20,Female,1,0,1,Young Male Learners
U00312,30,21-30,Female,1,1,0,Young Female Learners
U00313,29,21-30,Female,1,1,0,Young Female Learners
U00314,19,15-20,Female,1,0,1,Young Male Learners
U00315,31,31-40,Female,1,2,3,Adult Male Learners
U00316,19,15-20,Female,1,0,1,Young Male Learners
U00317,19,15-20,Male,0,0,1,Young Male Learners
U00318,20,15-20,Male,0,0,1,Young Male Learners
U00319,15,15-20,Female,1,0,1,Young Male Learners
U00320,29,21-30,Male,0,1,2,Adult Female Learners
U00321,28,21-30,Male,0,1,2,Adult Female Learners
U00322,23,21-30,Male,0,1,2,Adult Female Learners
U00323,21,21-30,Female,1,1,0,Young Female Learners
U00324,16,15-20,Male,0,0,1,Young Male Learners
U00325,26,21-30,Male,0,1,2,Adult Female Learners
U00326,25,21-30,Female,1,1,0,Young Female Learners
U00327,31,31-40,Female,1,2,3,Adult Male Learners
U00328,29,21-30,Female,1,1,0,Young Female Learners
U00329,20,15-20,Female,1,0,1,Young Male Learners
U00330,15,15-20,Female,1,0,1,Young Male Learners
U00331,17,15-20,Male,0,0,1,Young Male Learners
U00332,25,21-30,Male,0,1,2,Adult Female Learners
U00333,26,21-30,Female,1,1,0,Young Female Learners
U00334,24,21-30,Female,1,1,0,Young Female Learners
U00335,33,31-40,Female,1,2,3,Adult Male Learners
U00336,19,15-20,Male,0,0,1,Young Male Learners
U00337,29,21-30,Female,1,1,0,Young Female Learners
U00338,23,21-30,Female,1,1,0,Young Female Learners
U00339,29,21-30,Male,0,1,2,Adult Female Learners
U00340,30,21-30,Male,0,1,2,Adult Female Learners
U00341,24,21-30,Male,0,1,2,Adult Female Learners
U00342,26,21-30,Female,1,1,0,Young Female Learners
U00343,31,31-40,Male,0,2,3,Adult Male Learners
U00344,17,15-20,Male,0,0,1,Young Male Learners
U00345,16,15-20,Male,0,0,1,Young Male Learners
U00346,33,31-40,Female,1,2,3,Adult Male Learners
U00347,32,31-40,Female,1,2,3,Adult Male Learners
U00348,30,21-30,Female,1,1,0,Young Female Learners
U00349,28,21-30,Male,0,1,2,Adult Female Learners
U00350,17,15-20,Male,0,0,1,Young Male Learners
U00351,18,15-20,Female,1,0,1,Young Male Learners
U00352,28,21-30,Male,0,1,2,Adult Female Learners
U00353,34,31-40,Female,1,2,3,Adult Male Learners
U00354,35,31-40,Male,0,2,3,Adult Male Learners
U00355,15,15-20,Female,1,0,1,Young Male Learners
U00356,21,21-30,Female,1,1,0,Young Female Learners
U00357,15,15-20,Female,1,0,1,Young Male Learners
U00358,19,15-20,Male,0,0,1,Young Male Learners
U00359,29,21-30,Female,1,1,0,Young Female Learners
U00360,32,31-40,Male,0,2,3,Adult Male Learners
U00361,18,15-20,Female,1,0,1,Young Male Learners
U00362,16,15-20,Male,0,0,1,Young Male Learners
U00363,32,31-40,Female,1,2,3,Adult Male Learners
U00364,34,31-40,Male,0,2,3,Adult Male Learners
U00365,30,21-30,Female,1,1,0,Young Female Learners
U00366,28,21-30,Male,0,1,2,Adult Female Learners
U00367,21,21-30,Male,0,1,2,Adult Female Learners
U00368,26,21-30,Male,0,1,2,Adult Female Learners
U00369,19,15-20,Male,0,0,1,Young Male Learners
U00370,17,15-20,Male,0,0,1,Young Male Learners
U00371,17,15-20,Female,1,0,1,Young Male Learners
U00372,23,21-30,Male,0,1,2,Adult Female Learners
U00373,26,21-30,Female,1,1,0,Young Female Learners
U00374,28,21-30,Female,1,1,0,Young Female Learners
U00375,34,31-40,Female,1,2,3,Adult Male Learners
U00376,29,21-30,Male,0,1,2,Adult Female Learners
U00377,21,21-30,Female,1,1,0,Young Female Learners
U00378,21,21-30,Female,1,1,0,Young Female Learners
U00379,20,15-20,Male,0,0,1,Young Male Learners
U00380,23,21-30,Female,1,1,0,Young Female Learners
U00381,32,31-40,Male,0,2,3,Adult Male Learners
U00382,25,21-30,Male,0,1,2,Adult Female Learners
U00383,29,21-30,Female,1,1,0,Young Female Learners
U00384,32,31-40,Female,1,2,3,Adult Male Learners
U00385,20,15-20,Male,0,0,1,Young Male Learners
U00386,29,21-30,Female,1,1,0,Young Female Learners
U00387,29,21-30,Female,1,1,0,Young Female Learners
U00388,18,15-20,Male,0,0,1,Young Male Learners
U00389,27,21-30,Female,1,1,0,Young Female Learners
U00390,18,15-20,Female,1,0,1,Young Male Learners
U00391,19,15-20,Female,1,0,1,Young Male Learners
U00392,19,15-20,Female,1,0,1,Young Male Learners
U00393,30,21-30,Male,0,1,2,Adult Female Learners
U00394,30,21-30,Female,1,1,0,Young Female Learners
U00395,22,21-30,Female,1,1,0,Young Female Learners
U00396,30,21-30,Male,0,1,2,Adult Female Learners
U00397,16,15-20,Male,0,0,1,Young Male Learners
U00398,27,21-30,Female,1,1,0,Young Female Learners
U00399,31,31-40,Female,1,2,3,Adult Male Learners
U00400,23,21-30,Male,0,1,2,Adult Female Learners
U00401,21,21-30,Female,1,1,0,Young Female Learners
U00402,23,21-30,Male,0,1,2,Adult Female Learners
U00403,34,31-40,Female,1,2,3,Adult Male Learners
U00404,21,21-30,Female,1,1,0,Young Female Learners
U00405,24,21-30,Male,0,1,2,Adult Female Learners
U00406,33,31-40,Male,0,2,3,Adult Male Learners
U00407,23,21-30,Male,0,1,2,Adult Female Learners
U00408,19,15-20,Female,1,0,1,Young Male Learners
U00409,35,31-40,Male,0,2,3,Adult Male Learners
U00410,33,31-40,Male,0,2,3,Adult Male Learners
U00411,17,15-20,Female,1,0,1,Young Male Learners
U00412,24,21-30,Female,1,1,0,Young Female Learners
U00413,23,21-30,Male,0,1,2,Adult Female Learners
U00414,25,21-30,Male,0,1,2,Adult Female Learners
U00415,31,31-40,Female,1,2,3,Adult Male Learners
U00416,17,15-20,Female,1,0,1,Young Male Learners
U00417,32,31-40,Female,1,2,3,Adult Male Learners
U00418,23,21-30,Female,1,1,0,Young Female Learners
U00419,21,21-30,Female,1,1,0,Young Female Learners
U00420,24,21-30,Female,1,1,0,Young Female Learners
U00421,32,31-40,Male,0,2,3,Adult Male Learners
U00422,15,15-20,Female,1,0,1,Young Male Learners
U00423,27,21-30,Female,1,1,0,Young Female Learners
U00424,35,31-40,Male,0,2,3,Adult Male Learners
U00425,19,15-20,Male,0,0,1,Young Male Learners
U00426,21,21-30,Male,0,1,2,Adult Female Learners
U00427,29,21-30,Female,1,1,0,Young Female Learners
U00428,23,21-30,Male,0,1,2,Adult Female Learners
U00429,23,21-30,Female,1,1,0,Young Female Learners
U00430,27,21-30,Male,0,1,2,Adult Female Learners
U00431,15,15-20,Female,1,0,1,Young Male Learners
U00432,31,31-40,Male,0,2,3,Adult Male Learners
U00433,32,31-40,Female,1,2,3,Adult Male Learners
U00434,22,21-30,Male,0,1,2,Adult Female Learners
U00435,34,31-40,Female,1,2,3,Adult Male Learners
U00436,20,15-20,Female,1,0,1,Young Male Learners
U00437,28,21-30,Male,0,1,2,Adult Female Learners
U00438,21,21-30,Male,0,1,2,Adult Female Learners
U00439,31,31-40,Female,1,2,3,Adult Male Learners
U00440,20,15-20,Female,1,0,1,Young Male Learners
U00441,19,15-20,Male,0,0,1,Young Male Learners
U00442,21,21-30,Female,1,1,0,Young Female Learners
U00443,21,21-30,Female,1,1,0,Young Female Learners
U00444,15,15-20,Female,1,0,1,Young Male Learners
U00445,31,31-40,Female,1,2,3,Adult Male Learners
U00446,19,15-20,Female,1,0,1,Young Male Learners
U00447,23,21-30,Male,0,1,2,Adult Female Learners
U00448,27,21-30,Male,0,1,2,Adult Female Learners
U00449,33,31-40,Female,1,2,3,Adult Male Learners
U00450,20,15-20,Male,0,0,1,Young Male Learners
U00451,20,15-20,Male,0,0,1,Young Male Learners
U00452,23,21-30,Male,0,1,2,Adult Female Learners
U00453,20,15-20,Male,0,0,1,Young Male Learners
U00454,28,21-30,Female,1,1,0,Young Female Learners
U00455,19,15-20,Male,0,0,1,Young Male Learners
U00456,24,21-30,Female,1,1,0,Young Female Learners
U00457,34,31-40,Female,1,2,3,Adult Male Learners
U00458,31,31-40,Female,1,2,3,Adult Male Learners
U00459,22,21-30,Male,0,1,2,Adult Female Learners
U00460,24,21-30,Female,1,1,0,Young Female Learners
U00461,21,21-30,Female,1,1,0,Young Female Learners
U00462,30,21-30,Male,0,1,2,Adult Female Learners
U00463,18,15-20,Female,1,0,1,Young Male Learners
U00464,25,21-30,Male,0,1,2,Adult Female Learners
U00465,26,21-30,Male,0,1,2,Adult Female Learners
U00466,32,31-40,Female,1,2,3,Adult Male Learners
U00467,34,31-40,Male,0,2,3,Adult Male Learners
U00468,19,15-20,Female,1,0,1,Young Male Learners
U00469,20,15-20,Female,1,0,1,Young Male Learners
U00470,18,15-20,Female,1,0,1,Young Male Learners
U00471,31,31-40,Female,1,2,3,Adult Male Learners
U00472,22,21-30,Female,1,1,0,Young Female Learners
U00473,32,31-40,Female,1,2,3,Adult Male Learners
U00474,31,31-40,Male,0,2,3,Adult Male Learners
U00475,24,21-30,Male,0,1,2,Adult Female Learners
U00476,29,21-30,Female,1,1,0,Young Female Learners
U00477,19,15-20,Male,0,0,1,Young Male Learners
U00478,30,21-30,Male,0,1,2,Adult Female Learners
U00479,33,31-40,Male,0,2,3,Adult Male Learners
U00480,20,15-20,Female,1,0,1,Young Male Learners
U00481,32,31-40,Female,1,2,3,Adult Male Learners
U00482,33,31-40,Female,1,2,3,Adult Male Learners
U00483,22,21-30,Male,0,1,2,Adult Female Learners
U00484,16,15-20,Male,0,0,1,Young Male Learners
U00485,29,21-30,Female,1,1,0,Young Female Learners
U00486,21,21-30,Female,1,1,0,Young Female Learners
U00487,15,15-20,Female,1,0,1,Young Male Learners
U00488,20,15-20,Male,0,0,1,Young Male Learners
U00489,18,15-20,Male,0,0,1,Young Male Learners
U00490,33,31-40,Male,0,2,3,Adult Male Learners
U00491,20,15-20,Male,0,0,1,Young Male Learners
U00492,20,15-20,Female,1,0,1,Young Male Learners
U00493,30,21-30,Male,0,1,2,Adult Female Learners
U00494,26,21-30,Male,0,1,2,Adult Female Learners
U00495,35,31-40,Female,1,2,3,Adult Male Learners
U00496,29,21-30,Female,1,1,0,Young Female Learners
U00497,21,21-30,Female,1,1,0,Young Female Learners
U00498,20,15-20,Female,1,0,1,Young Male Learners
U00499,21,21-30,Male,0,1,2,Adult Female Learners
U00500,16,15-20,Female,1,0,1,Young Male Learners
U00501,26,21-30,Female,1,1,0,Young Female Learners
U00502,22,21-30,Female,1,1,0,Young Female Learners
U00503,15,15-20,Male,0,0,1,Young Male Learners
U00504,16,15-20,Male,0,0,1,Young Male Learners
U00505,17,15-20,Male,0,0,1,Young Male Learners
U00506,33,31-40,Female,1,2,3,Adult Male Learners
U00507,15,15-20,Male,0,0,1,Young Male Learners
U00508,28,21-30,Female,1,1,0,Young Female Learners
U00509,20,15-20,Female,1,0,1,Young Male Learners
U00510,15,15-20,Male,0,0,1,Young Male Learners
U00511,28,21-30,Male,0,1,2,Adult Female Learners
U00512,22,21-30,Male,0,1,2,Adult Female Learners
U00513,25,21-30,Male,0,1,2,Adult Female Learners
U00514,30,21-30,Female,1,1,0,Young Female Learners
U00515,19,15-20,Female,1,0,1,Young Male Learners
U00516,33,31-40,Female,1,2,3,Adult Male Learners
U00517,22,21-30,Female,1,1,0,Young Female Learners
U00518,20,15-20,Female,1,0,1,Young Male Learners
U00519,27,21-30,Female,1,1,0,Young Female Learners
U00520,29,21-30,Male,0,1,2,Adult Female Learners
U00521,26,21-30,Female,1,1,0,Young Female Learners
U00522,21,21-30,Male,0,1,2,Adult Female Learners
U00523,31,31-40,Male,0,2,3,Adult Male Learners
U00524,24,21-30,Male,0,1,2,Adult Female Learners
U00525,31,31-40,Male,0,2,3,Adult Male Learners
U00526,24,21-30,Male,0,1,2,Adult Female Learners
U00527,18,15-20,Male,0,0,1,Young Male Learners
U00528,26,21-30,Female,1,1,0,Young Female Learners
U00529,25,21-30,Male,0,1,2,Adult Female Learners
U00530,35,31-40,Female,1,2,3,Adult Male Learners
U00531,24,21-30,Male,0,1,2,Adult Female Learners
U00532,15,15-20,Female,1,0,1,Young Male Learners
U00533,29,21-30,Male,0,1,2,Adult Female Learners
U00534,27,21-30,Female,1,1,0,Young Female Learners
U00535,23,21-30,Male,0,1,2,Adult Female Learners
U00536,35,31-40,Female,1,2,3,Adult Male Learners
U00537,25,21-30,Female,1,1,0,Young Female Learners
U00538,20,15-20,Male,0,0,1,Young Male Learners
U00539,25,21-30,Male,0,1,2,Adult Female Learners
U00540,15,15-20,Male,0,0,1,Young Male Learners
U00541,19,15-20,Male,0,0,1,Young Male Learners
U00542,32,31-40,Male,0,2,3,Adult Male Learners
U00543,18,15-20,Female,1,0,1,Young Male Learners
U00544,30,21-30,Male,0,1,2,Adult Female Learners
U00545,18,15-20,Female,1,0,1,Young Male Learners
U00546,25,21-30,Male,0,1,2,Adult Female Learners
U00547,19,15-20,Female,1,0,1,Young Male Learners
U00548,32,31-40,Female,1,2,3,Adult Male Learners
U00549,17,15-20,Female,1,0,1,Young Male Learners
U00550,17,15-20,Male,0,0,1,Young Male Learners
U00551,35,31-40,Male,0,2,3,Adult Male Learners
U00552,30,21-30,Female,1,1,0,Young Female Learners
U00553,15,15-20,Male,0,0,1,Young Male Learners
U00554,18,15-20,Male,0,0,1,Young Male Learners
U00555,17,15-20,Female,1,0,1,Young Male Learners
U00556,25,21-30,Female,1,1,0,Young Female Learners
U00557,31,31-40,Male,0,2,3,Adult Male Learners
U00558,32,31-40,Male,0,2,3,Adult Male Learners
U00559,20,15-20,Male,0,0,1,Young Male Learners
U00560,32,31-40,Male,0,2,3,Adult Male Learners
U00561,33,31-40,Male,0,2,3,Adult Male Learners
U00562,23,21-30,Female,1,1,0,Young Female Learners
U00563,31,31-40,Female,1,2,3,Adult Male Learners
U00564,15,15-20,Male,0,0,1,Young Male Learners
U00565,28,21-30,Male,0,1,2,Adult Female Learners
U00566,31,31-40,Male,0,2,3,Adult Male Learners
U00567,20,15-20,Male,0,0,1,Young Male Learners
U00568,16,15-20,Female,1,0,1,Young Male Learners
U00569,15,15-20,Female,1,0,1,Young Male Learners
U00570,27,21-30,Male,0,1,2,Adult Female Learners
U00571,22,21-30,Female,1,1,0,Young Female Learners
U00572,32,31-40,Male,0,2,3,Adult Male Learners
U00573,30,21-30,Male,0,1,2,Adult Female Learners
U00574,33,31-40,Female,1,2,3,Adult Male Learners
U00575,35,31-40,Male,0,2,3,Adult Male Learners
U00576,16,15-20,Male,0,0,1,Young Male Learners
U00577,17,15-20,Female,1,0,1,Young Male Learners
U00578,26,21-30,Male,0,1,2,Adult Female Learners
U00579,34,31-40,Male,0,2,3,Adult Male Learners
U00580,24,21-30,Female,1,1,0,Young Female Learners
U00581,32,31-40,Female,1,2,3,Adult Male Learners
U00582,26,21-30,Male,0,1,2,Adult Female Learners
U00583,21,21-30,Female,1,1,0,Young Female Learners
U00584,31,31-40,Female,1,2,3,Adult Male Learners
U00585,19,15-20,Female,1,0,1,Young Male Learners
U00586,21,21-30,Male,0,1,2,Adult Female Learners
U00587,22,21-30,Female,1,1,0,Young Female Learners
U00588,24,21-30,Male,0,1,2,Adult Female Learners
U00589,19,15-20,Female,1,0,1,Young Male Learners
U00590,19,15-20,Male,0,0,1,Young Male Learners
U00591,35,31-40,Male,0,2,3,Adult Male Learners
U00592,18,15-20,Female,1,0,1,Young Male Learners
U00593,23,21-30,Male,0,1,2,Adult Female Learners
U00594,20,15-20,Male,0,0,1,Young Male Learners
U00595,29,21-30,Male,0,1,2,Adult Female Learners
U00596,26,21-30,Male,0,1,2,Adult Female Learners
U00597,28,21-30,Female,1,1,0,Young Female Learners
U00598,28,21-30,Male,0,1,2,Adult Female Learners
U00599,33,31-40,Male,0,2,3,Adult Male Learners
U00600,21,21-30,Male,0,1,2,Adult Female Learners
U00601,24,21-30,Male,0,1,2,Adult Female Learners
U00602,25,21-30,Female,1,1,0,Young Female Learners
U00603,35,31-40,Male,0,2,3,Adult Male Learners
U00604,30,21-30,Female,1,1,0,Young Female Learners
U00605,30,21-30,Female,1,1,0,Young Female Learners
U00606,33,31-40,Female,1,2,3,Adult Male Learners
U00607,30,21-30,Male,0,1,2,Adult Female Learners
U00608,31,31-40,Male,0,2,3,Adult Male Learners
U00609,33,31-40,Female,1,2,3,Adult Male Learners
U00610,19,15-20,Male,0,0,1,Young Male Learners
U00611,30,21-30,Male,0,1,2,Adult Female Learners
U00612,23,21-30,Male,0,1,2,Adult Female Learners
U00613,24,21-30,Male,0,1,2,Adult Female Learners
U00614,23,21-30,Female,1,1,0,Young Female Learners
U00615,20,15-20,Male,0,0,1,Young Male Learners
U00616,19,15-20,Female,1,0,1,Young Male Learners
U00617,18,15-20,Female,1,0,1,Young Male Learners
U00618,22,21-30,Male,0,1,2,Adult Female Learners
U00619,32,31-40,Female,1,2,3,Adult Male Learners
U00620,30,21-30,Male,0,1,2,Adult Female Learners
U00621,20,15-20,Male,0,0,1,Young Male Learners
U00622,28,21-30,Female,1,1,0,Young Female Learners
U00623,23,21-30,Female,1,1,0,Young Female Learners
U00624,34,31-40,Female,1,2,3,Adult Male Learners
U00625,28,21-30,Male,0,1,2,Adult Female Learners
U00626,19,15-20,Male,0,0,1,Young Male Learners
U00627,34,31-40,Female,1,2,3,Adult Male Learners
U00628,32,31-40,Female,1,2,3,Adult Male Learners
U00629,20,15-20,Female,1,0,1,Young Male Learners
U00630,17,15-20,Male,0,0,1,Young Male Learners
U00631,20,15-20,Male,0,0,1,Young Male Learners
U00632,26,21-30,Female,1,1,0,Young Female Learners
U00633,35,31-40,Female,1,2,3,Adult Male Learners
U00634,15,15-20,Female,1,0,1,Young Male Learners
U00635,26,21-30,Female,1,1,0,Young Female Learners
U00636,21,21-30,Female,1,1,0,Young Female Learners
U00637,22,21-30,Female,1,1,0,Young Female Learners
U00638,19,15-20,Female,1,0,1,Young Male Learners
U00639,33,31-40,Female,1,2,3,Adult Male Learners
U00640,31,31-40,Male,0,2,3,Adult Male Learners
U00641,32,31-40,Male,0,2,3,Adult Male Learners
U00642,17,15-20,Male,0,0,1,Young Male Learners
U00643,20,15-20,Female,1,0,1,Young Male Learners
U00644,20,15-20,Female,1,0,1,Young Male Learners
U00645,23,21-30,Female,1,1,0,Young Female Learners
U00646,29,21-30,Female,1,1,0,Young Female Learners
U00647,26,21-30,Female,1,1,0,Young Female Learners
U00648,19,15-20,Male,0,0,1,Young Male Learners
U00649,32,31-40,Male,0,2,3,Adult Male Learners
U00650,26,21-30,Female,1,1,0,Young Female Learners
U00651,29,21-30,Male,0,1,2,Adult Female Learners
U00652,16,15-20,Female,1,0,1,Young Male Learners
U00653,15,15-20,Male,0,0,1,Young Male Learners
U00654,24,21-30,Male,0,1,2,Adult Female Learners
U00655,33,31-40,Female,1,2,3,Adult Male Learners
U00656,31,31-40,Male,0,2,3,Adult Male Learners
U00657,23,21-30,Male,0,1,2,Adult Female Learners
U00658,23,21-30,Female,1,1,0,Young Female Learners
U00659,33,31-40,Male,0,2,3,Adult Male Learners
U00660,22,21-30,Male,0,1,2,Adult Female Learners
U00661,23,21-30,Female,1,1,0,Young Female Learners
U00662,30,21-30,Female,1,1,0,Young Female Learners
U00663,35,31-40,Male,0,2,3,Adult Male Learners
U00664,17,15-20,Male,0,0,1,Young Male Learners
U00665,35,31-40,Male,0,2,3,Adult Male Learners
U00666,30,21-30,Female,1,1,0,Young Female Learners
U00667,18,15-20,Female,1,0,1,Young Male Learners
U00668,34,31-40,Female,1,2,3,Adult Male Learners
U00669,20,15-20,Female,1,0,1,Young Male Learners
U00670,17,15-20,Male,0,0,1,Young Male Learners
U00671,18,15-20,Female,1,0,1,Young Male Learners
U00672,15,15-20,Male,0,0,1,Young Male Learners
U00673,24,21-30,Female,1,1,0,Young Female Learners
U00674,21,21-30,Male,0,1,2,Adult Female Learners
U00675,20,15-20,Female,1,0,1,Young Male Learners
U00676,32,31-40,Male,0,2,3,Adult Male Learners
U00677,35,31-40,Female,1,2,3,Adult Male Learners
U00678,33,31-40,Female,1,2,3,Adult Male Learners
U00679,28,21-30,Male,0,1,2,Adult Female Learners
U00680,35,31-40,Female,1,2,3,Adult Male Learners
U00681,32,31-40,Male,0,2,3,Adult Male Learners
U00682,33,31-40,Male,0,2,3,Adult Male Learners
U00683,20,15-20,Female,1,0,1,Young Male Learners
U00684,28,21-30,Female,1,1,0,Young Female Learners
U00685,29,21-30,Female,1,1,0,Young Female Learners
U00686,35,31-40,Female,1,2,3,Adult Male Learners
U00687,29,21-30,Female,1,1,0,Young Female Learners
U00688,30,21-30,Female,1,1,0,Young Female Learners
U00689,19,15-20,Female,1,0,1,Young Male Learners
U00690,29,21-30,Female,1,1,0,Young Female Learners
U00691,16,15-20,Female,1,0,1,Young Male Learners
U00692,27,21-30,Male,0,1,2,Adult Female Learners
U00693,35,31-40,Female,1,2,3,Adult Male Learners
U00694,33,31-40,Female,1,2,3,Adult Male Learners
U00695,31,31-40,Female,1,2,3,Adult Male Learners
U00696,25,21-30,Male,0,1,2,Adult Female Learners
U00697,32,31-40,Female,1,2,3,Adult Male Learners
U00698,32,31-40,Female,1,2,3,Adult Male Learners
U00699,20,15-20,Male,0,0,1,Young Male Learners
U00700,25,21-30,Male,0,1,2,Adult Female Learners
U00701,32,31-40,Male,0,2,3,Adult Male Learners
U00702,22,21-30,Female,1,1,0,Young Female Learners
U00703,32,31-40,Female,1,2,3,Adult Male Learners
U00704,30,21-30,Male,0,1,2,Adult Female Learners
U00705,15,15-20,Male,0,0,1,Young Male Learners
U00706,21,21-30,Male,0,1,2,Adult Female Learners
U00707,29,21-30,Male,0,1,2,Adult Female Learners
U00708,29,21-30,Female,1,1,0,Young Female Learners
U00709,23,21-30,Female,1,1,0,Young Female Learners
U00710,19,15-20,Male,0,0,1,Young Male Learners
U00711,27,21-30,Male,0,1,2,Adult Female Learners
U00712,27,21-30,Female,1,1,0,Young Female Learners
U00713,17,15-20,Female,1,0,1,Young Male Learners
U00714,25,21-30,Male,0,1,2,Adult Female Learners
U00715,25,21-30,Female,1,1,0,Young Female Learners
U00716,29,21-30,Male,0,1,2,Adult Female Learners
U00717,34,31-40,Female,1,2,3,Adult Male Learners
U00718,27,21-30,Female,1,1,0,Young Female Learners
U00719,25,21-30,Female,1,1,0,Young Female Learners
U00720,17,15-20,Female,1,0,1,Young Male Learners
U00721,20,15-20,Female,1,0,1,Young Male Learners
U00722,16,15-20,Female,1,0,1,Young Male Learners
U00723,35,31-40,Male,0,2,3,Adult Male Learners
U00724,16,15-20,Female,1,0,1,Young Male Learners
U00725,28,21-30,Female,1,1,0,Young Female Learners
U00726,26,21-30,Female,1,1,0,Young Female Learners
U00727,33,31-40,Female,1,2,3,Adult Male Learners
U00728,17,15-20,Male,0,0,1,Young Male Learners
U00729,30,21-30,Male,0,1,2,Adult Female Learners
U00730,30,21-30,Male,0,1,2,Adult Female Learners
U00731,16,15-20,Male,0,0,1,Young Male Learners
U00732,22,21-30,Male,0,1,2,Adult Female Learners
U00733,28,21-30,Female,1,1,0,Young Female Learners
U00734,20,15-20,Male,0,0,1,Young Male Learners
U00735,17,15-20,Male,0,0,1,Young Male Learners
U00736,19,15-20,Female,1,0,1,Young Male Learners
U00737,18,15-20,Male,0,0,1,Young Male Learners
U00738,29,21-30,Female,1,1,0,Young Female Learners
U00739,25,21-30,Female,1,1,0,Young Female Learners
U00740,34,31-40,Female,1,2,3,Adult Male Learners
U00741,33,31-40,Female,1,2,3,Adult Male Learners
U00742,29,21-30,Male,0,1,2,Adult Female Learners
U00743,19,15-20,Male,0,0,1,Young Male Learners
U00744,15,15-20,Male,0,0,1,Young Male Learners
U00745,29,21-30,Female,1,1,0,Young Female Learners
U00746,28,21-30,Male,0,1,2,Adult Female Learners
U00747,28,21-30,Female,1,1,0,Young Female Learners
U00748,30,21-30,Female,1,1,0,Young Female Learners
U00749,18,15-20,Male,0,0,1,Young Male Learners
U00750,23,21-30,Female,1,1,0,Young Female Learners
U00751,19,15-20,Male,0,0,1,Young Male Learners
U00752,30,21-30,Male,0,1,2,Adult Female Learners
U00753,28,21-30,Male,0,1,2,Adult Female Learners
U00754,33,31-40,Male,0,2,3,Adult Male Learners
U00755,31,31-40,Male,0,2,3,Adult Male Learners
U00756,33,31-40,Female,1,2,3,Adult Male Learners
U00757,22,21-30,Female,1,1,0,Young Female Learners
U00758,16,15-20,Male,0,0,1,Young Male Learners
U00759,22,21-30,Male,0,1,2,Adult Female Learners
U00760,21,21-30,Female,1,1,0,Young Female Learners
U00761,31,31-40,Male,0,2,3,Adult Male Learners
U00762,22,21-30,Female,1,1,0,Young Female Learners
U00763,16,15-20,Male,0,0,1,Young Male Learners
U00764,18,15-20,Male,0,0,1,Young Male Learners
U00765,31,31-40,Female,1,2,3,Adult Male Learners
U00766,31,31-40,Female,1,2,3,Adult Male Learners
U00767,16,15-20,Female,1,0,1,Young Male Learners
U00768,19,15-20,Male,0,0,1,Young Male Learners
U00769,16,15-20,Female,1,0,1,Young Male Learners
U00770,29,21-30,Male,0,1,2,Adult Female Learners
U00771,18,15-20,Male,0,0,1,Young Male Learners
U00772,24,21-30,Female,1,1,0,Young Female Learners
U00773,25,21-30,Female,1,1,0,Young Female Learners
U00774,27,21-30,Male,0,1,2,Adult Female Learners
U00775,29,21-30,Female,1,1,0,Young Female Learners
U00776,26,21-30,Female,1,1,0,Young Female Learners
U00777,29,21-30,Male,0,1,2,Adult Female Learners
U00778,33,31-40,Male,0,2,3,Adult Male Learners
U00779,24,21-30,Female,1,1,0,Young Female Learners
U00780,32,31-40,Female,1,2,3,Adult Male Learners
U00781,18,15-20,Female,1,0,1,Young Male Learners
U00782,25,21-30,Male,0,1,2,Adult Female Learners
U00783,35,31-40,Female,1,2,3,Adult Male Learners
U00784,22,21-30,Female,1,1,0,Young Female Learners
U00785,17,15-20,Female,1,0,1,Young Male Learners
U00786,32,31-40,Female,1,2,3,Adult Male Learners
U00787,29,21-30,Female,1,1,0,Young Female Learners
U00788,24,21-30,Male,0,1,2,Adult Female Learners
U00789,17,15-20,Female,1,0,1,Young Male Learners
U00790,16,15-20,Female,1,0,1,Young Male Learners
U00791,34,31-40,Female,1,2,3,Adult Male Learners
U00792,20,15-20,Male,0,0,1,Young Male Learners
U00793,19,15-20,Male,0,0,1,Young Male Learners
U00794,23,21-30,Female,1,1,0,Young Female Learners
U00795,34,31-40,Female,1,2,3,Adult Male Learners
U00796,22,21-30,Female,1,1,0,Young Female Learners
U00797,20,15-20,Male,0,0,1,Young Male Learners
U00798,19,15-20,Female,1,0,1,Young Male Learners
U00799,26,21-30,Female,1,1,0,Young Female Learners
U00800,29,21-30,Female,1,1,0,Young Female Learners
U00801,32,31-40,Female,1,2,3,Adult Male Learners
U00802,31,31-40,Male,0,2,3,Adult Male Learners
U00803,26,21-30,Male,0,1,2,Adult Female Learners
U00804,24,21-30,Female,1,1,0,Young Female Learners
U00805,18,15-20,Female,1,0,1,Young Male Learners
U00806,27,21-30,Male,0,1,2,Adult Female Learners
U00807,35,31-40,Female,1,2,3,Adult Male Learners
U00808,27,21-30,Female,1,1,0,Young Female Learners
U00809,24,21-30,Male,0,1,2,Adult Female Learners
U00810,28,21-30,Male,0,1,2,Adult Female Learners
U00811,25,21-30,Female,1,1,0,Young Female Learners
U00812,24,21-30,Female,1,1,0,Young Female Learners
U00813,33,31-40,Male,0,2,3,Adult Male Learners
U00814,21,21-30,Female,1,1,0,Young Female Learners
U00815,17,15-20,Male,0,0,1,Young Male Learners
U00816,34,31-40,Male,0,2,3,Adult Male Learners
U00817,35,31-40,Female,1,2,3,Adult Male Learners
U00818,20,15-20,Female,1,0,1,Young Male Learners
U00819,28,21-30,Female,1,1,0,Young Female Learners
U00820,31,31-40,Female,1,2,3,Adult Male Learners
U00821,23,21-30,Male,0,1,2,Adult Female Learners
U00822,35,31-40,Female,1,2,3,Adult Male Learners
U00823,22,21-30,Male,0,1,2,Adult Female Learners
U00824,27,21-30,Male,0,1,2,Adult Female Learners
U00825,26,21-30,Male,0,1,2,Adult Female Learners
U00826,16,15-20,Male,0,0,1,Young Male Learners
U00827,26,21-30,Female,1,1,0,Young Female Learners
U00828,25,21-30,Male,0,1,2,Adult Female Learners
U00829,22,21-30,Male,0,1,2,Adult Female Learners
U00830,26,21-30,Female,1,1,0,Young Female Learners
U00831,18,15-20,Male,0,0,1,Young Male Learners
U00832,20,15-20,Female,1,0,1,Young Male Learners
U00833,32,31-40,Female,1,2,3,Adult Male Learners
U00834,30,21-30,Male,0,1,2,Adult Female Learners
U00835,33,31-40,Female,1,2,3,Adult Male Learners
U00836,29,21-30,Female,1,1,0,Young Female Learners
U00837,28,21-30,Male,0,1,2,Adult Female Learners
U00838,25,21-30,Female,1,1,0,Young Female Learners
U00839,33,31-40,Male,0,2,3,Adult Male Learners
U00840,18,15-20,Male,0,0,1,Young Male Learners
U00841,29,21-30,Female,1,1,0,Young Female Learners
U00842,21,21-30,Female,1,1,0,Young Female Learners
U00843,21,21-30,Male,0,1,2,Adult Female Learners
U00844,26,21-30,Male,0,1,2,Adult Female Learners
U00845,25,21-30,Female,1,1,0,Young Female Learners
U00846,16,15-20,Male,0,0,1,Young Male Learners
U00847,23,21-30,Male,0,1,2,Adult Female Learners
U00848,28,21-30,Male,0,1,2,Adult Female Learners
U00849,20,15-20,Male,0,0,1,Young Male Learners
U00850,26,21-30,Male,0,1,2,Adult Female Learners
U00851,21,21-30,Male,0,1,2,Adult Female Learners
U00852,23,21-30,Male,0,1,2,Adult Female Learners
U00853,24,21-30,Male,0,1,2,Adult Female Learners
U00854,28,21-30,Male,0,1,2,Adult Female Learners
U00855,15,15-20,Female,1,0,1,Young Male Learners
U00856,21,21-30,Female,1,1,0,Young Female Learners
U00857,15,15-20,Male,0,0,1,Young Male Learners
U00858,20,15-20,Male,0,0,1,Young Male Learners
U00859,22,21-30,Male,0,1,2,Adult Female Learners
U00860,23,21-30,Female,1,1,0,Young Female Learners
U00861,22,21-30,Female,1,1,0,Young Female Learners
U00862,18,15-20,Female,1,0,1,Young Male Learners
U00863,23,21-30,Female,1,1,0,Young Female Learners
U00864,22,21-30,Female,1,1,0,Young Female Learners
U00865,27,21-30,Male,0,1,2,Adult Female Learners
U00866,30,21-30,Male,0,1,2,Adult Female Learners
U00867,30,21-30,Male,0,1,2,Adult Female Learners
U00868,16,15-20,Female,1,0,1,Young Male Learners
U00869,19,15-20,Male,0,0,1,Young Male Learners
U00870,22,21-30,Male,0,1,2,Adult Female Learners
U00871,26,21-30,Male,0,1,2,Adult Female Learners
U00872,27,21-30,Male,0,1,2,Adult Female Learners
U00873,28,21-30,Male,0,1,2,Adult Female Learners
U00874,25,21-30,Male,0,1,2,Adult Female Learners
U00875,23,21-30,Male,0,1,2,Adult Female Learners
U00876,27,21-30,Male,0,1,2,Adult Female Learners
U00877,35,31-40,Male,0,2,3,Adult Male Learners
U00878,31,31-40,Male,0,2,3,Adult Male Learners
U00879,18,15-20,Female,1,0,1,Young Male Learners
U00880,15,15-20,Male,0,0,1,Young Male Learners
U00881,34,31-40,Female,1,2,3,Adult Male Learners
U00882,34,31-40,Female,1,2,3,Adult Male Learners
U00883,27,21-30,Female,1,1,0,Young Female Learners
U00884,19,15-20,Male,0,0,1,Young Male Learners
U00885,28,21-30,Female,1,1,0,Young Female Learners
U00886,22,21-30,Female,1,1,0,Young Female Learners
U00887,17,15-20,Male,0,0,1,Young Male Learners
U00888,15,15-20,Male,0,0,1,Young Male Learners
U00889,31,31-40,Female,1,2,3,Adult Male Learners
U00890,31,31-40,Female,1,2,3,Adult Male Learners
U00891,28,21-30,Female,1,1,0,Young Female Learners
U00892,35,31-40,Male,0,2,3,Adult Male Learners
U00893,15,15-20,Male,0,0,1,Young Male Learners
U00894,28,21-30,Female,1,1,0,Young Female Learners
U00895,15,15-20,Male,0,0,1,Young Male Learners
U00896,29,21-30,Female,1,1,0,Young Female Learners
U00897,20,15-20,Male,0,0,1,Young Male Learners
U00898,24,21-30,Female,1,1,0,Young Female Learners
U00899,19,15-20,Male,0,0,1,Young Male Learners
U00900,26,21-30,Female,1,1,0,Young Female Learners
U00901,23,21-30,Female,1,1,0,Young Female Learners
U00902,29,21-30,Male,0,1,2,Adult Female Learners
U00903,29,21-30,Female,1,1,0,Young Female Learners
U00904,16,15-20,Female,1,0,1,Young Male Learners
U00905,15,15-20,Male,0,0,1,Young Male Learners
U00906,34,31-40,Female,1,2,3,Adult Male Learners
U00907,23,21-30,Female,1,1,0,Young Female Learners
U00908,16,15-20,Female,1,0,1,Young Male Learners
U00909,35,31-40,Female,1,2,3,Adult Male Learners
U00910,20,15-20,Female,1,0,1,Young Male Learners
U00911,15,15-20,Female,1,0,1,Young Male Learners
U00912,28,21-30,Male,0,1,2,Adult Female Learners
U00913,35,31-40,Female,1,2,3,Adult Male Learners
U00914,22,21-30,Male,0,1,2,Adult Female Learners
U00915,24,21-30,Female,1,1,0,Young Female Learners
U00916,20,15-20,Male,0,0,1,Young Male Learners
U00917,28,21-30,Female,1,1,0,Young Female Learners
U00918,35,31-40,Male,0,2,3,Adult Male Learners
U00919,28,21-30,Male,0,1,2,Adult Female Learners
U00920,18,15-20,Female,1,0,1,Young Male Learners
U00921,26,21-30,Male,0,1,2,Adult Female Learners
U00922,31,31-40,Female,1,2,3,Adult Male Learners
U00923,29,21-30,Female,1,1,0,Young Female Learners
U00924,34,31-40,Male,0,2,3,Adult Male Learners
U00925,31,31-40,Male,0,2,3,Adult Male Learners
U00926,32,31-40,Male,0,2,3,Adult Male Learners
U00927,26,21-30,Male,0,1,2,Adult Female Learners
U00928,33,31-40,Female,1,2,3,Adult Male Learners
U00929,25,21-30,Female,1,1,0,Young Female Learners
U00930,34,31-40,Male,0,2,3,Adult Male Learners
U00931,31,31-40,Male,0,2,3,Adult Male Learners
U00932,21,21-30,Male,0,1,2,Adult Female Learners
U00933,27,21-30,Female,1,1,0,Young Female Learners
U00934,15,15-20,Female,1,0,1,Young Male Learners
U00935,16,15-20,Female,1,0,1,Young Male Learners
U00936,30,21-30,Female,1,1,0,Young Female Learners
U00937,35,31-40,Male,0,2,3,Adult Male Learners
U00938,30,21-30,Male,0,1,2,Adult Female Learners
U00939,18,15-20,Male,0,0,1,Young Male Learners
U00940,15,15-20,Female,1,0,1,Young Male Learners
U00941,20,15-20,Female,1,0,1,Young Male Learners
U00942,21,21-30,Male,0,1,2,Adult Female Learners
U00943,21,21-30,Female,1,1,0,Young Female Learners
U00944,28,21-30,Female,1,1,0,Young Female Learners
U00945,27,21-30,Female,1,1,0,Young Female Learners
U00946,20,15-20,Female,1,0,1,Young Male Learners
U00947,31,31-40,Female,1,2,3,Adult Male Learners
U00948,34,31-40,Male,0,2,3,Adult Male Learners
U00949,16,15-20,Male,0,0,1,Young Male Learners
U00950,33,31-40,Female,1,2,3,Adult Male Learners
U00951,15,15-20,Male,0,0,1,Young Male Learners
U00952,22,21-30,Female,1,1,0,Young Female Learners
U00953,31,31-40,Male,0,2,3,Adult Male Learners
U00954,21,21-30,Female,1,1,0,Young Female Learners
U00955,35,31-40,Female,1,2,3,Adult Male Learners
U00956,21,21-30,Female,1,1,0,Young Female Learners
U00957,22,21-30,Male,0,1,2,Adult Female Learners
U00958,28,21-30,Female,1,1,0,Young Female Learners
U00959,22,21-30,Male,0,1,2,Adult Female Learners
U00960,17,15-20,Male,0,0,1,Young Male Learners
U00961,31,31-40,Male,0,2,3,Adult Male Learners
U00962,20,15-20,Male,0,0,1,Young Male Learners
U00963,20,15-20,Female,1,0,1,Young Male Learners
U00964,16,15-20,Female,1,0,1,Young Male Learners
U00965,34,31-40,Female,1,2,3,Adult Male Learners
U00966,23,21-30,Female,1,1,0,Young Female Learners
U00967,15,15-20,Male,0,0,1,Young Male Learners
U00968,21,21-30,Male,0,1,2,Adult Female Learners
U00969,29,21-30,Male,0,1,2,Adult Female Learners
U00970,18,15-20,Male,0,0,1,Young Male Learners
U00971,19,15-20,Female,1,0,1,Young Male Learners
U00972,27,21-30,Female,1,1,0,Young Female Learners
U00973,22,21-30,Male,0,1,2,Adult Female Learners
U00974,31,31-40,Male,0,2,3,Adult Male Learners
U00975,35,31-40,Female,1,2,3,Adult Male Learners
U00976,30,21-30,Male,0,1,2,Adult Female Learners
U00977,33,31-40,Female,1,2,3,Adult Male Learners
U00978,18,15-20,Male,0,0,1,Young Male Learners
U00979,16,15-20,Female,1,0,1,Young Male Learners
U00980,17,15-20,Male,0,0,1,Young Male Learners
U00981,34,31-40,Male,0,2,3,Adult Male Learners
U00982,27,21-30,Female,1,1,0,Young Female Learners
U00983,26,21-30,Female,1,1,0,Young Female Learners
U00984,27,21-30,Male,0,1,2,Adult Female Learners
U00985,21,21-30,Male,0,1,2,Adult Female Learners
U00986,25,21-30,Male,0,1,2,Adult Female Learners
U00987,27,21-30,Female,1,1,0,Young Female Learners
U00988,21,21-30,Female,1,1,0,Young Female Learners
U00989,26,21-30,Male,0,1,2,Adult Female Learners
U00990,20,15-20,Male,0,0,1,Young Male Learners
U00991,30,21-30,Male,0,1,2,Adult Female Learners
U00992,22,21-30,Female,1,1,0,Young Female Learners
U00993,17,15-20,Male,0,0,1,Young Male Learners
U00994,29,21-30,Female,1,1,0,Young Female Learners
U00995,27,21-30,Female,1,1,0,Young Female Learners
U00996,24,21-30,Male,0,1,2,Adult Female Learners
U00997,34,31-40,Female,1,2,3,Adult Male Learners
U00998,18,15-20,Male,0,0,1,Young Male Learners
U00999,33,31-40,Female,1,2,3,Adult Male Learners
U01000,16,15-20,Female,1,0,1,Young Male Learners
U01001,18,15-20,Male,0,0,1,Young Male Learners
U01002,19,15-20,Male,0,0,1,Young Male Learners
U01003,35,31-40,Male,0,2,3,Adult Male Learners
U01004,16,15-20,Female,1,0,1,Young Male Learners
U01005,19,15-20,Male,0,0,1,Young Male Learners
U01006,19,15-20,Male,0,0,1,Young Male Learners
U01007,30,21-30,Male,0,1,2,Adult Female Learners
U01008,18,15-20,Male,0,0,1,Young Male Learners
U01009,15,15-20,Female,1,0,1,Young Male Learners
U01010,35,31-40,Female,1,2,3,Adult Male Learners
U01011,18,15-20,Male,0,0,1,Young Male Learners
U01012,35,31-40,Female,1,2,3,Adult Male Learners
U01013,22,21-30,Male,0,1,2,Adult Female Learners
U01014,17,15-20,Male,0,0,1,Young Male Learners
U01015,29,21-30,Male,0,1,2,Adult Female Learners
U01016,27,21-30,Female,1,1,0,Young Female Learners
U01017,21,21-30,Female,1,1,0,Young Female Learners
U01018,23,21-30,Female,1,1,0,Young Female Learners
U01019,27,21-30,Male,0,1,2,Adult Female Learners
U01020,28,21-30,Male,0,1,2,Adult Female Learners
U01021,29,21-30,Female,1,1,0,Young Female Learners
U01022,17,15-20,Male,0,0,1,Young Male Learners
U01023,18,15-20,Male,0,0,1,Young Male Learners
U01024,17,15-20,Female,1,0,1,Young Male Learners
U01025,34,31-40,Male,0,2,3,Adult Male Learners
U01026,33,31-40,Female,1,2,3,Adult Male Learners
U01027,32,31-40,Male,0,2,3,Adult Male Learners
U01028,23,21-30,Female,1,1,0,Young Female Learners
U01029,15,15-20,Male,0,0,1,Young Male Learners
U01030,23,21-30,Female,1,1,0,Young Female Learners
U01031,15,15-20,Male,0,0,1,Young Male Learners
U01032,16,15-20,Male,0,0,1,Young Male Learners
U01033,30,21-30,Male,0,1,2,Adult Female Learners
U01034,18,15-20,Female,1,0,1,Young Male Learners
U01035,33,31-40,Male,0,2,3,Adult Male Learners
U01036,35,31-40,Male,0,2,3,Adult Male Learners
U01037,32,31-40,Female,1,2,3,Adult Male Learners
U01038,33,31-40,Male,0,2,3,Adult Male Learners
U01039,21,21-30,Female,1,1,0,Young Female Learners
U01040,21,21-30,Female,1,1,0,Young Female Learners
U01041,23,21-30,Female,1,1,0,Young Female Learners
U01042,26,21-30,Male,0,1,2,Adult Female Learners
U01043,19,15-20,Female,1,0,1,Young Male Learners
U01044,31,31-40,Female,1,2,3,Adult Male Learners
U01045,32,31-40,Female,1,2,3,Adult Male Learners
U01046,28,21-30,Female,1,1,0,Young Female Learners
U01047,29,21-30,Female,1,1,0,Young Female Learners
U01048,16,15-20,Female,1,0,1,Young Male Learners
U01049,34,31-40,Male,0,2,3,Adult Male Learners
U01050,25,21-30,Female,1,1,0,Young Female Learners
U01051,18,15-20,Female,1,0,1,Young Male Learners
U01052,22,21-30,Female,1,1,0,Young Female Learners
U01053,26,21-30,Female,1,1,0,Young Female Learners
U01054,20,15-20,Female,1,0,1,Young Male Learners
U01055,22,21-30,Female,1,1,0,Young Female Learners
U01056,15,15-20,Male,0,0,1,Young Male Learners
U01057,33,31-40,Male,0,2,3,Adult Male Learners
U01058,34,31-40,Female,1,2,3,Adult Male Learners
U01059,30,21-30,Male,0,1,2,Adult Female Learners
U01060,34,31-40,Female,1,2,3,Adult Male Learners
U01061,22,21-30,Female,1,1,0,Young Female Learners
U01062,22,21-30,Female,1,1,0,Young Female Learners
U01063,31,31-40,Female,1,2,3,Adult Male Learners
U01064,26,21-30,Female,1,1,0,Young Female Learners
U01065,15,15-20,Male,0,0,1,Young Male Learners
U01066,19,15-20,Female,1,0,1,Young Male Learners
U01067,17,15-20,Male,0,0,1,Young Male Learners
U01068,32,31-40,Female,1,2,3,Adult Male Learners
U01069,35,31-40,Male,0,2,3,Adult Male Learners
U01070,32,31-40,Male,0,2,3,Adult Male Learners
U01071,19,15-20,Female,1,0,1,Young Male Learners
U01072,32,31-40,Male,0,2,3,Adult Male Learners
U01073,23,21-30,Male,0,1,2,Adult Female Learners
U01074,26,21-30,Female,1,1,0,Young Female Learners
U01075,17,15-20,Male,0,0,1,Young Male Learners
U01076,20,15-20,Male,0,0,1,Young Male Learners
U01077,24,21-30,Female,1,1,0,Young Female Learners
U01078,27,21-30,Male,0,1,2,Adult Female Learners
U01079,21,21-30,Male,0,1,2,Adult Female Learners
U01080,30,21-30,Female,1,1,0,Young Female Learners
U01081,26,21-30,Female,1,1,0,Young Female Learners
U01082,25,21-30,Male,0,1,2,Adult Female Learners
U01083,29,21-30,Male,0,1,2,Adult Female Learners
U01084,24,21-30,Male,0,1,2,Adult Female Learners
U01085,26,21-30,Female,1,1,0,Young Female Learners
U01086,29,21-30,Female,1,1,0,Young Female Learners
U01087,19,15-20,Male,0,0,1,Young Male Learners
U01088,21,21-30,Male,0,1,2,Adult Female Learners
U01089,17,15-20,Female,1,0,1,Young Male Learners
U01090,25,21-30,Female,1,1,0,Young Female Learners
U01091,29,21-30,Female,1,1,0,Young Female Learners
U01092,34,31-40,Female,1,2,3,Adult Male Learners
U01093,23,21-30,Female,1,1,0,Young Female Learners
U01094,30,21-30,Male,0,1,2,Adult Female Learners
U01095,21,21-30,Female,1,1,0,Young Female Learners
U01096,18,15-20,Male,0,0,1,Young Male Learners
U01097,29,21-30,Female,1,1,0,Young Female Learners
U01098,17,15-20,Female,1,0,1,Young Male Learners
U01099,35,31-40,Female,1,2,3,Adult Male Learners
U01100,24,21-30,Female,1,1,0,Young Female Learners
U01101,33,31-40,Male,0,2,3,Adult Male Learners
U01102,23,21-30,Female,1,1,0,Young Female Learners
U01103,22,21-30,Male,0,1,2,Adult Female Learners
U01104,29,21-30,Male,0,1,2,Adult Female Learners
U01105,27,21-30,Male,0,1,2,Adult Female Learners
U01106,31,31-40,Male,0,2,3,Adult Male Learners
U01107,30,21-30,Female,1,1,0,Young Female Learners
U01108,16,15-20,Male,0,0,1,Young Male Learners
U01109,24,21-30,Female,1,1,0,Young Female Learners
U01110,23,21-30,Female,1,1,0,Young Female Learners
U01111,31,31-40,Male,0,2,3,Adult Male Learners
U01112,24,21-30,Female,1,1,0,Young Female Learners
U01113,22,21-30,Female,1,1,0,Young Female Learners
U01114,32,31-40,Male,0,2,3,Adult Male Learners
U01115,18,15-20,Male,0,0,1,Young Male Learners
U01116,21,21-30,Female,1,1,0,Young Female Learners
U01117,23,21-30,Female,1,1,0,Young Female Learners
U01118,31,31-40,Male,0,2,3,Adult Male Learners
U01119,17,15-20,Female,1,0,1,Young Male Learners
U01120,35,31-40,Female,1,2,3,Adult Male Learners
U01121,20,15-20,Male,0,0,1,Young Male Learners
U01122,29,21-30,Female,1,1,0,Young Female Learners
U01123,29,21-30,Female,1,1,0,Young Female Learners
U01124,30,21-30,Female,1,1,0,Young Female Learners
U01125,32,31-40,Female,1,2,3,Adult Male Learners
U01126,15,15-20,Male,0,0,1,Young Male Learners
U01127,28,21-30,Female,1,1,0,Young Female Learners
U01128,31,31-40,Female,1,2,3,Adult Male Learners
U01129,28,21-30,Female,1,1,0,Young Female Learners
U01130,28,21-30,Male,0,1,2,Adult Female Learners
U01131,25,21-30,Male,0,1,2,Adult Female Learners
U01132,27,21-30,Female,1,1,0,Young Female Learners
U01133,35,31-40,Female,1,2,3,Adult Male Learners
U01134,19,15-20,Female,1,0,1,Young Male Learners
U01135,22,21-30,Male,0,1,2,Adult Female Learners
U01136,35,31-40,Male,0,2,3,Adult Male Learners
U01137,28,21-30,Female,1,1,0,Young Female Learners
U01138,22,21-30,Female,1,1,0,Young Female Learners
U01139,22,21-30,Female,1,1,0,Young Female Learners
U01140,29,21-30,Female,1,1,0,Young Female Learners
U01141,17,15-20,Female,1,0,1,Young Male Learners
U01142,27,21-30,Male,0,1,2,Adult Female Learners
U01143,31,31-40,Male,0,2,3,Adult Male Learners
U01144,29,21-30,Female,1,1,0,Young Female Learners
U01145,15,15-20,Female,1,0,1,Young Male Learners
U01146,15,15-20,Male,0,0,1,Young Male Learners
U01147,15,15-20,Male,0,0,1,Young Male Learners
U01148,28,21-30,Male,0,1,2,Adult Female Learners
U01149,26,21-30,Female,1,1,0,Young Female Learners
U01150,20,15-20,Male,0,0,1,Young Male Learners
U01151,28,21-30,Female,1,1,0,Young Female Learners
U01152,34,31-40,Male,0,2,3,Adult Male Learners
U01153,15,15-20,Female,1,0,1,Young Male Learners
U01154,24,21-30,Male,0,1,2,Adult Female Learners
U01155,32,31-40,Female,1,2,3,Adult Male Learners
U01156,30,21-30,Male,0,1,2,Adult Female Learners
U01157,31,31-40,Female,1,2,3,Adult Male Learners
U01158,35,31-40,Male,0,2,3,Adult Male Learners
U01159,26,21-30,Female,1,1,0,Young Female Learners
U01160,15,15-20,Female,1,0,1,Young Male Learners
U01161,33,31-40,Male,0,2,3,Adult Male Learners
U01162,19,15-20,Female,1,0,1,Young Male Learners
U01163,24,21-30,Male,0,1,2,Adult Female Learners
U01164,25,21-30,Female,1,1,0,Young Female Learners
U01165,24,21-30,Male,0,1,2,Adult Female Learners
U01166,21,21-30,Male,0,1,2,Adult Female Learners
U01167,16,15-20,Female,1,0,1,Young Male Learners
U01168,27,21-30,Female,1,1,0,Young Female Learners
U01169,31,31-40,Female,1,2,3,Adult Male Learners
U01170,27,21-30,Female,1,1,0,Young Female Learners
U01171,19,15-20,Male,0,0,1,Young Male Learners
U01172,30,21-30,Male,0,1,2,Adult Female Learners
U01173,26,21-30,Female,1,1,0,Young Female Learners
U01174,15,15-20,Female,1,0,1,Young Male Learners
U01175,20,15-20,Female,1,0,1,Young Male Learners
U01176,20,15-20,Male,0,0,1,Young Male Learners
U01177,16,15-20,Male,0,0,1,Young Male Learners
U01178,21,21-30,Female,1,1,0,Young Female Learners
U01179,31,31-40,Female,1,2,3,Adult Male Learners
U01180,18,15-20,Male,0,0,1,Young Male Learners
U01181,27,21-30,Female,1,1,0,Young Female Learners
U01182,25,21-30,Female,1,1,0,Young Female Learners
U01183,21,21-30,Female,1,1,0,Young Female Learners
U01184,31,31-40,Male,0,2,3,Adult Male Learners
U01185,28,21-30,Male,0,1,2,Adult Female Learners
U01186,34,31-40,Male,0,2,3,Adult Male Learners
U01187,35,31-40,Female,1,2,3,Adult Male Learners
U01188,24,21-30,Male,0,1,2,Adult Female Learners
U01189,28,21-30,Male,0,1,2,Adult Female Learners
U01190,31,31-40,Male,0,2,3,Adult Male Learners
U01191,28,21-30,Female,1,1,0,Young Female Learners
U01192,20,15-20,Female,1,0,1,Young Male Learners
U01193,20,15-20,Female,1,0,1,Young Male Learners
U01194,32,31-40,Female,1,2,3,Adult Male Learners
U01195,23,21-30,Male,0,1,2,Adult Female Learners
U01196,21,21-30,Female,1,1,0,Young Female Learners
U01197,28,21-30,Male,0,1,2,Adult Female Learners
U01198,33,31-40,Female,1,2,3,Adult Male Learners
U01199,17,15-20,Female,1,0,1,Young Male Learners
U01200,15,15-20,Female,1,0,1,Young Male Learners
U01201,28,21-30,Male,0,1,2,Adult Female Learners
U01202,29,21-30,Female,1,1,0,Young Female Learners
U01203,15,15-20,Male,0,0,1,Young Male Learners
U01204,17,15-20,Female,1,0,1,Young Male Learners
U01205,27,21-30,Male,0,1,2,Adult Female Learners
U01206,15,15-20,Female,1,0,1,Young Male Learners
U01207,30,21-30,Female,1,1,0,Young Female Learners
U01208,27,21-30,Female,1,1,0,Young Female Learners
U01209,20,15-20,Male,0,0,1,Young Male Learners
U01210,22,21-30,Female,1,1,0,Young Female Learners
U01211,32,31-40,Female,1,2,3,Adult Male Learners
U01212,18,15-20,Female,1,0,1,Young Male Learners
U01213,20,15-20,Female,1,0,1,Young Male Learners
U01214,31,31-40,Female,1,2,3,Adult Male Learners
U01215,15,15-20,Female,1,0,1,Young Male Learners
U01216,15,15-20,Male,0,0,1,Young Male Learners
U01217,25,21-30,Female,1,1,0,Young Female Learners
U01218,34,31-40,Male,0,2,3,Adult Male Learners
U01219,16,15-20,Male,0,0,1,Young Male Learners
U01220,29,21-30,Female,1,1,0,Young Female Learners
U01221,32,31-40,Male,0,2,3,Adult Male Learners
U01222,19,15-20,Female,1,0,1,Young Male Learners
U01223,23,21-30,Female,1,1,0,Young Female Learners
U01224,23,21-30,Female,1,1,0,Young Female Learners
U01225,30,21-30,Female,1,1,0,Young Female Learners
U01226,31,31-40,Female,1,2,3,Adult Male Learners
U01227,15,15-20,Male,0,0,1,Young Male Learners
U01228,28,21-30,Male,0,1,2,Adult Female Learners
U01229,27,21-30,Female,1,1,0,Young Female Learners
U01230,23,21-30,Female,1,1,0,Young Female Learners
U01231,21,21-30,Female,1,1,0,Young Female Learners
U01232,27,21-30,Female,1,1,0,Young Female Learners
U01233,28,21-30,Male,0,1,2,Adult Female Learners
U01234,27,21-30,Male,0,1,2,Adult Female Learners
U01235,27,21-30,Female,1,1,0,Young Female Learners
U01236,20,15-20,Female,1,0,1,Young Male Learners
U01237,24,21-30,Male,0,1,2,Adult Female Learners
U01238,35,31-40,Male,0,2,3,Adult Male Learners
U01239,20,15-20,Male,0,0,1,Young Male Learners
U01240,16,15-20,Male,0,0,1,Young Male Learners
U01241,25,21-30,Male,0,1,2,Adult Female Learners
U01242,22,21-30,Male,0,1,2,Adult Female Learners
U01243,31,31-40,Female,1,2,3,Adult Male Learners
U01244,30,21-30,Female,1,1,0,Young Female Learners
U01245,35,31-40,Male,0,2,3,Adult Male Learners
U01246,27,21-30,Male,0,1,2,Adult Female Learners
U01247,19,15-20,Male,0,0,1,Young Male Learners
U01248,16,15-20,Male,0,0,1,Young Male Learners
U01249,25,21-30,Male,0,1,2,Adult Female Learners
U01250,27,21-30,Female,1,1,0,Young Female Learners
U01251,29,21-30,Male,0,1,2,Adult Female Learners
U01252,19,15-20,Female,1,0,1,Young Male Learners
U01253,17,15-20,Male,0,0,1,Young Male Learners
U01254,23,21-30,Male,0,1,2,Adult Female Learners
U01255,29,21-30,Female,1,1,0,Young Female Learners
U01256,32,31-40,Male,0,2,3,Adult Male Learners
U01257,29,21-30,Female,1,1,0,Young Female Learners
U01258,25,21-30,Male,0,1,2,Adult Female Learners
U01259,18,15-20,Female,1,0,1,Young Male Learners
U01260,31,31-40,Female,1,2,3,Adult Male Learners
U01261,25,21-30,Male,0,1,2,Adult Female Learners
U01262,29,21-30,Female,1,1,0,Young Female Learners
U01263,17,15-20,Female,1,0,1,Young Male Learners
U01264,15,15-20,Male,0,0,1,Young Male Learners
U01265,23,21-30,Male,0,1,2,Adult Female Learners
U01266,18,15-20,Female,1,0,1,Young Male Learners
U01267,30,21-30,Female,1,1,0,Young Female Learners
U01268,33,31-40,Male,0,2,3,Adult Male Learners
U01269,25,21-30,Female,1,1,0,Young Female Learners
U01270,19,15-20,Male,0,0,1,Young Male Learners
U01271,23,21-30,Female,1,1,0,Young Female Learners
U01272,16,15-20,Female,1,0,1,Young Male Learners
U01273,31,31-40,Female,1,2,3,Adult Male Learners
U01274,32,31-40,Female,1,2,3,Adult Male Learners
U01275,35,31-40,Male,0,2,3,Adult Male Learners
U01276,27,21-30,Female,1,1,0,Young Female Learners
U01277,26,21-30,Female,1,1,0,Young Female Learners
U01278,16,15-20,Female,1,0,1,Young Male Learners
U01279,29,21-30,Female,1,1,0,Young Female Learners
U01280,26,21-30,Female,1,1,0,Young Female Learners
U01281,23,21-30,Female,1,1,0,Young Female Learners
U01282,26,21-30,Male,0,1,2,Adult Female Learners
U01283,15,15-20,Male,0,0,1,Young Male Learners
U01284,34,31-40,Female,1,2,3,Adult Male Learners
U01285,35,31-40,Female,1,2,3,Adult Male Learners
U01286,27,21-30,Male,0,1,2,Adult Female Learners
U01287,33,31-40,Female,1,2,3,Adult Male Learners
U01288,18,15-20,Male,0,0,1,Young Male Learners
U01289,35,31-40,Female,1,2,3,Adult Male Learners
U01290,16,15-20,Male,0,0,1,Young Male Learners
U01291,34,31-40,Female,1,2,3,Adult Male Learners
U01292,29,21-30,Male,0,1,2,Adult Female Learners
U01293,33,31-40,Male,0,2,3,Adult Male Learners
U01294,30,21-30,Male,0,1,2,Adult Female Learners
U01295,34,31-40,Female,1,2,3,Adult Male Learners
U01296,21,21-30,Female,1,1,0,Young Female Learners
U01297,27,21-30,Male,0,1,2,Adult Female Learners
U01298,22,21-30,Female,1,1,0,Young Female Learners
U01299,28,21-30,Female,1,1,0,Young Female Learners
U01300,19,15-20,Male,0,0,1,Young Male Learners
U01301,27,21-30,Male,0,1,2,Adult Female Learners
U01302,19,15-20,Female,1,0,1,Young Male Learners
U01303,23,21-30,Female,1,1,0,Young Female Learners
U01304,33,31-40,Female,1,2,3,Adult Male Learners
U01305,22,21-30,Female,1,1,0,Young Female Learners
U01306,22,21-30,Male,0,1,2,Adult Female Learners
U01307,16,15-20,Female,1,0,1,Young Male Learners
U01308,23,21-30,Male,0,1,2,Adult Female Learners
U01309,35,31-40,Male,0,2,3,Adult Male Learners
U01310,21,21-30,Female,1,1,0,Young Female Learners
U01311,27,21-30,Male,0,1,2,Adult Female Learners
U01312,16,15-20,Male,0,0,1,Young Male Learners
U01313,31,31-40,Male,0,2,3,Adult Male Learners
U01314,26,21-30,Female,1,1,0,Young Female Learners
U01315,33,31-40,Male,0,2,3,Adult Male Learners
U01316,31,31-40,Female,1,2,3,Adult Male Learners
U01317,32,31-40,Female,1,2,3,Adult Male Learners
U01318,18,15-20,Female,1,0,1,Young Male Learners
U01319,25,21-30,Male,0,1,2,Adult Female Learners
U01320,20,15-20,Male,0,0,1,Young Male Learners
U01321,35,31-40,Male,0,2,3,Adult Male Learners
U01322,26,21-30,Female,1,1,0,Young Female Learners
U01323,15,15-20,Male,0,0,1,Young Male Learners
U01324,24,21-30,Male,0,1,2,Adult Female Learners
U01325,18,15-20,Female,1,0,1,Young Male Learners
U01326,15,15-20,Female,1,0,1,Young Male Learners
U01327,23,21-30,Male,0,1,2,Adult Female Learners
U01328,27,21-30,Male,0,1,2,Adult Female Learners
U01329,15,15-20,Female,1,0,1,Young Male Learners
U01330,20,15-20,Female,1,0,1,Young Male Learners
U01331,16,15-20,Male,0,0,1,Young Male Learners
U01332,20,15-20,Male,0,0,1,Young Male Learners
U01333,15,15-20,Male,0,0,1,Young Male Learners
U01334,35,31-40,Female,1,2,3,Adult Male Learners
U01335,16,15-20,Female,1,0,1,Young Male Learners
U01336,33,31-40,Male,0,2,3,Adult Male Learners
U01337,32,31-40,Female,1,2,3,Adult Male Learners
U01338,15,15-20,Male,0,0,1,Young Male Learners
U01339,35,31-40,Male,0,2,3,Adult Male Learners
U01340,32,31-40,Female,1,2,3,Adult Male Learners
U01341,29,21-30,Male,0,1,2,Adult Female Learners
U01342,25,21-30,Male,0,1,2,Adult Female Learners
U01343,32,31-40,Male,0,2,3,Adult Male Learners
U01344,25,21-30,Female,1,1,0,Young Female Learners
U01345,19,15-20,Male,0,0,1,Young Male Learners
U01346,16,15-20,Male,0,0,1,Young Male Learners
U01347,20,15-20,Male,0,0,1,Young Male Learners
U01348,29,21-30,Female,1,1,0,Young Female Learners
U01349,26,21-30,Male,0,1,2,Adult Female Learners
U01350,16,15-20,Female,1,0,1,Young Male Learners
U01351,16,15-20,Male,0,0,1,Young Male Learners
U01352,25,21-30,Male,0,1,2,Adult Female Learners
U01353,20,15-20,Female,1,0,1,Young Male Learners
U01354,15,15-20,Male,0,0,1,Young Male Learners
U01355,28,21-30,Female,1,1,0,Young Female Learners
U01356,26,21-30,Female,1,1,0,Young Female Learners
U01357,28,21-30,Female,1,1,0,Young Female Learners
U01358,31,31-40,Male,0,2,3,Adult Male Learners
U01359,18,15-20,Female,1,0,1,Young Male Learners
U01360,22,21-30,Female,1,1,0,Young Female Learners
U01361,31,31-40,Male,0,2,3,Adult Male Learners
U01362,26,21-30,Male,0,1,2,Adult Female Learners
U01363,25,21-30,Male,0,1,2,Adult Female Learners
U01364,16,15-20,Female,1,0,1,Young Male Learners
U01365,25,21-30,Male,0,1,2,Adult Female Learners
U01366,29,21-30,Female,1,1,0,Young Female Learners
U01367,22,21-30,Male,0,1,2,Adult Female Learners
U01368,24,21-30,Female,1,1,0,Young Female Learners
U01369,21,21-30,Male,0,1,2,Adult Female Learners
U01370,21,21-30,Female,1,1,0,Young Female Learners
U01371,22,21-30,Male,0,1,2,Adult Female Learners
U01372,19,15-20,Female,1,0,1,Young Male Learners
U01373,24,21-30,Male,0,1,2,Adult Female Learners
U01374,32,31-40,Female,1,2,3,Adult Male Learners
U01375,22,21-30,Male,0,1,2,Adult Female Learners
U01376,28,21-30,Male,0,1,2,Adult Female Learners
U01377,16,15-20,Male,0,0,1,Young Male Learners
U01378,35,31-40,Male,0,2,3,Adult Male Learners
U01379,22,21-30,Male,0,1,2,Adult Female Learners
U01380,26,21-30,Male,0,1,2,Adult Female Learners
U01381,15,15-20,Male,0,0,1,Young Male Learners
U01382,22,21-30,Female,1,1,0,Young Female Learners
U01383,32,31-40,Male,0,2,3,Adult Male Learners
U01384,23,21-30,Female,1,1,0,Young Female Learners
U01385,33,31-40,Female,1,2,3,Adult Male Learners
U01386,16,15-20,Male,0,0,1,Young Male Learners
U01387,21,21-30,Female,1,1,0,Young Female Learners
U01388,27,21-30,Male,0,1,2,Adult Female Learners
U01389,30,21-30,Male,0,1,2,Adult Female Learners
U01390,33,31-40,Female,1,2,3,Adult Male Learners
U01391,30,21-30,Male,0,1,2,Adult Female Learners
U01392,29,21-30,Female,1,1,0,Young Female Learners
U01393,30,21-30,Male,0,1,2,Adult Female Learners
U01394,26,21-30,Female,1,1,0,Young Female Learners
U01395,31,31-40,Male,0,2,3,Adult Male Learners
U01396,17,15-20,Female,1,0,1,Young Male Learners
U01397,28,21-30,Male,0,1,2,Adult Female Learners
U01398,23,21-30,Female,1,1,0,Young Female Learners
U01399,20,15-20,Male,0,0,1,Young Male Learners
U01400,21,21-30,Female,1,1,0,Young Female Learners
U01401,19,15-20,Female,1,0,1,Young Male Learners
U01402,19,15-20,Female,1,0,1,Young Male Learners
U01403,27,21-30,Male,0,1,2,Adult Female Learners
U01404,18,15-20,Female,1,0,1,Young Male Learners
U01405,35,31-40,Male,0,2,3,Adult Male Learners
U01406,21,21-30,Female,1,1,0,Young Female Learners
U01407,34,31-40,Female,1,2,3,Adult Male Learners
U01408,18,15-20,Male,0,0,1,Young Male Learners
U01409,31,31-40,Male,0,2,3,Adult Male Learners
U01410,17,15-20,Male,0,0,1,Young Male Learners
U01411,21,21-30,Male,0,1,2,Adult Female Learners
U01412,16,15-20,Male,0,0,1,Young Male Learners
U01413,24,21-30,Male,0,1,2,Adult Female Learners
U01414,35,31-40,Female,1,2,3,Adult Male Learners
U01415,18,15-20,Male,0,0,1,Young Male Learners
U01416,22,21-30,Female,1,1,0,Young Female Learners
U01417,26,21-30,Female,1,1,0,Young Female Learners
U01418,20,15-20,Female,1,0,1,Young Male Learners
U01419,34,31-40,Female,1,2,3,Adult Male Learners
U01420,34,31-40,Female,1,2,3,Adult Male Learners
U01421,22,21-30,Male,0,1,2,Adult Female Learners
U01422,16,15-20,Male,0,0,1,Young Male Learners
U01423,25,21-30,Male,0,1,2,Adult Female Learners
U01424,28,21-30,Female,1,1,0,Young Female Learners
U01425,25,21-30,Female,1,1,0,Young Female Learners
U01426,24,21-30,Male,0,1,2,Adult Female Learners
U01427,25,21-30,Male,0,1,2,Adult Female Learners
U01428,35,31-40,Female,1,2,3,Adult Male Learners
U01429,31,31-40,Female,1,2,3,Adult Male Learners
U01430,19,15-20,Female,1,0,1,Young Male Learners
U01431,34,31-40,Female,1,2,3,Adult Male Learners
U01432,17,15-20,Female,1,0,1,Young Male Learners
U01433,16,15-20,Female,1,0,1,Young Male Learners
U01434,24,21-30,Male,0,1,2,Adult Female Learners
U01435,16,15-20,Male,0,0,1,Young Male Learners
U01436,34,31-40,Female,1,2,3,Adult Male Learners
U01437,33,31-40,Female,1,2,3,Adult Male Learners
U01438,30,21-30,Female,1,1,0,Young Female Learners
U01439,22,21-30,Male,0,1,2,Adult Female Learners
U01440,20,15-20,Female,1,0,1,Young Male Learners
U01441,24,21-30,Female,1,1,0,Young Female Learners
U01442,34,31-40,Female,1,2,3,Adult Male Learners
U01443,17,15-20,Female,1,0,1,Young Male Learners
U01444,29,21-30,Male,0,1,2,Adult Female Learners
U01445,29,21-30,Male,0,1,2,Adult Female Learners
U01446,32,31-40,Female,1,2,3,Adult Male Learners
U01447,17,15-20,Female,1,0,1,Young Male Learners
U01448,25,21-30,Female,1,1,0,Young Female Learners
U01449,34,31-40,Male,0,2,3,Adult Male Learners
U01450,16,15-20,Female,1,0,1,Young Male Learners
U01451,17,15-20,Male,0,0,1,Young Male Learners
U01452,23,21-30,Male,0,1,2,Adult Female Learners
U01453,17,15-20,Male,0,0,1,Young Male Learners
U01454,18,15-20,Female,1,0,1,Young Male Learners
U01455,22,21-30,Female,1,1,0,Young Female Learners
U01456,30,21-30,Male,0,1,2,Adult Female Learners
U01457,27,21-30,Male,0,1,2,Adult Female Learners
U01458,24,21-30,Male,0,1,2,Adult Female Learners
U01459,17,15-20,Female,1,0,1,Young Male Learners
U01460,32,31-40,Female,1,2,3,Adult Male Learners
U01461,16,15-20,Male,0,0,1,Young Male Learners
U01462,27,21-30,Male,0,1,2,Adult Female Learners
U01463,30,21-30,Female,1,1,0,Young Female Learners
U01464,33,31-40,Male,0,2,3,Adult Male Learners
U01465,33,31-40,Male,0,2,3,Adult Male Learners
U01466,22,21-30,Male,0,1,2,Adult Female Learners
U01467,19,15-20,Female,1,0,1,Young Male Learners
U01468,28,21-30,Female,1,1,0,Young Female Learners
U01469,29,21-30,Female,1,1,0,Young Female Learners
U01470,28,21-30,Male,0,1,2,Adult Female Learners
U01471,19,15-20,Female,1,0,1,Young Male Learners
U01472,27,21-30,Female,1,1,0,Young Female Learners
U01473,17,15-20,Female,1,0,1,Young Male Learners
U01474,20,15-20,Male,0,0,1,Young Male Learners
U01475,20,15-20,Male,0,0,1,Young Male Learners
U01476,35,31-40,Female,1,2,3,Adult Male Learners
U01477,17,15-20,Female,1,0,1,Young Male Learners
U01478,35,31-40,Female,1,2,3,Adult Male Learners
U01479,25,21-30,Female,1,1,0,Young Female Learners
U01480,20,15-20,Female,1,0,1,Young Male Learners
U01481,20,15-20,Male,0,0,1,Young Male Learners
U01482,17,15-20,Male,0,0,1,Young Male Learners
U01483,18,15-20,Male,0,0,1,Young Male Learners
U01484,17,15-20,Male,0,0,1,Young Male Learners
U01485,16,15-20,Male,0,0,1,Young Male Learners
U01486,17,15-20,Male,0,0,1,Young Male Learners
U01487,17,15-20,Female,1,0,1,Young Male Learners
U01488,27,21-30,Male,0,1,2,Adult Female Learners
U01489,27,21-30,Male,0,1,2,Adult Female Learners
U01490,19,15-20,Female,1,0,1,Young Male Learners
U01491,17,15-20,Female,1,0,1,Young Male Learners
U01492,23,21-30,Female,1,1,0,Young Female Learners
U01493,18,15-20,Female,1,0,1,Young Male Learners
U01494,32,31-40,Male,0,2,3,Adult Male Learners
U01495,31,31-40,Female,1,2,3,Adult Male Learners
U01496,22,21-30,Female,1,1,0,Young Female Learners
U01497,35,31-40,Female,1,2,3,Adult Male Learners
U01498,15,15-20,Male,0,0,1,Young Male Learners
U01499,30,21-30,Female,1,1,0,Young Female Learners
U01500,15,15-20,Male,0,0,1,Young Male Learners
U01501,23,21-30,Male,0,1,2,Adult Female Learners
U01502,28,21-30,Female,1,1,0,Young Female Learners
U01503,30,21-30,Female,1,1,0,Young Female Learners
U01504,31,31-40,Male,0,2,3,Adult Male Learners
U01505,35,31-40,Male,0,2,3,Adult Male Learners
U01506,34,31-40,Male,0,2,3,Adult Male Learners
U01507,18,15-20,Female,1,0,1,Young Male Learners
U01508,34,31-40,Male,0,2,3,Adult Male Learners
U01509,15,15-20,Female,1,0,1,Young Male Learners
U01510,16,15-20,Female,1,0,1,Young Male Learners
U01511,15,15-20,Male,0,0,1,Young Male Learners
U01512,19,15-20,Male,0,0,1,Young Male Learners
U01513,23,21-30,Male,0,1,2,Adult Female Learners
U01514,25,21-30,Male,0,1,2,Adult Female Learners
U01515,35,31-40,Female,1,2,3,Adult Male Learners
U01516,19,15-20,Male,0,0,1,Young Male Learners
U01517,26,21-30,Male,0,1,2,Adult Female Learners
U01518,21,21-30,Male,0,1,2,Adult Female Learners
U01519,16,15-20,Male,0,0,1,Young Male Learners
U01520,26,21-30,Female,1,1,0,Young Female Learners
U01521,34,31-40,Female,1,2,3,Adult Male Learners
U01522,31,31-40,Female,1,2,3,Adult Male Learners
U01523,16,15-20,Male,0,0,1,Young Male Learners
U01524,30,21-30,Female,1,1,0,Young Female Learners
U01525,32,31-40,Female,1,2,3,Adult Male Learners
U01526,20,15-20,Male,0,0,1,Young Male Learners
U01527,29,21-30,Female,1,1,0,Young Female Learners
U01528,16,15-20,Male,0,0,1,Young Male Learners
U01529,19,15-20,Female,1,0,1,Young Male Learners
U01530,16,15-20,Male,0,0,1,Young Male Learners
U01531,30,21-30,Female,1,1,0,Young Female Learners
U01532,28,21-30,Female,1,1,0,Young Female Learners
U01533,16,15-20,Female,1,0,1,Young Male Learners
U01534,28,21-30,Male,0,1,2,Adult Female Learners
U01535,20,15-20,Male,0,0,1,Young Male Learners
U01536,33,31-40,Female,1,2,3,Adult Male Learners
U01537,27,21-30,Female,1,1,0,Young Female Learners
U01538,27,21-30,Female,1,1,0,Young Female Learners
U01539,24,21-30,Female,1,1,0,Young Female Learners
U01540,30,21-30,Female,1,1,0,Young Female Learners
U01541,29,21-30,Female,1,1,0,Young Female Learners
U01542,18,15-20,Female,1,0,1,Young Male Learners
U01543,25,21-30,Female,1,1,0,Young Female Learners
U01544,31,31-40,Female,1,2,3,Adult Male Learners
U01545,15,15-20,Female,1,0,1,Young Male Learners
U01546,34,31-40,Male,0,2,3,Adult Male Learners
U01547,17,15-20,Male,0,0,1,Young Male Learners
U01548,35,31-40,Female,1,2,3,Adult Male Learners
U01549,34,31-40,Female,1,2,3,Adult Male Learners
U01550,16,15-20,Male,0,0,1,Young Male Learners
U01551,16,15-20,Male,0,0,1,Young Male Learners
U01552,32,31-40,Male,0,2,3,Adult Male Learners
U01553,27,21-30,Male,0,1,2,Adult Female Learners
U01554,20,15-20,Male,0,0,1,Young Male Learners
U01555,23,21-30,Female,1,1,0,Young Female Learners
U01556,23,21-30,Female,1,1,0,Young Female Learners
U01557,17,15-20,Male,0,0,1,Young Male Learners
U01558,32,31-40,Male,0,2,3,Adult Male Learners
U01559,19,15-20,Male,0,0,1,Young Male Learners
U01560,24,21-30,Male,0,1,2,Adult Female Learners
U01561,32,31-40,Male,0,2,3,Adult Male Learners
U01562,18,15-20,Female,1,0,1,Young Male Learners
U01563,35,31-40,Female,1,2,3,Adult Male Learners
U01564,28,21-30,Female,1,1,0,Young Female Learners
U01565,32,31-40,Male,0,2,3,Adult Male Learners
U01566,29,21-30,Male,0,1,2,Adult Female Learners
U01567,22,21-30,Male,0,1,2,Adult Female Learners
U01568,26,21-30,Female,1,1,0,Young Female Learners
U01569,35,31-40,Male,0,2,3,Adult Male Learners
U01570,31,31-40,Male,0,2,3,Adult Male Learners
U01571,19,15-20,Male,0,0,1,Young Male Learners
U01572,29,21-30,Female,1,1,0,Young Female Learners
U01573,18,15-20,Female,1,0,1,Young Male Learners
U01574,17,15-20,Male,0,0,1,Young Male Learners
U01575,15,15-20,Female,1,0,1,Young Male Learners
U01576,35,31-40,Male,0,2,3,Adult Male Learners
U01577,30,21-30,Male,0,1,2,Adult Female Learners
U01578,26,21-30,Male,0,1,2,Adult Female Learners
U01579,31,31-40,Male,0,2,3,Adult Male Learners
U01580,15,15-20,Female,1,0,1,Young Male Learners
U01581,30,21-30,Male,0,1,2,Adult Female Learners
U01582,16,15-20,Male,0,0,1,Young Male Learners
U01583,30,21-30,Female,1,1,0,Young Female Learners
U01584,32,31-40,Male,0,2,3,Adult Male Learners
U01585,27,21-30,Male,0,1,2,Adult Female Learners
U01586,27,21-30,Male,0,1,2,Adult Female Learners
U01587,27,21-30,Male,0,1,2,Adult Female Learners
U01588,32,31-40,Male,0,2,3,Adult Male Learners
U01589,16,15-20,Female,1,0,1,Young Male Learners
U01590,33,31-40,Male,0,2,3,Adult Male Learners
U01591,32,31-40,Female,1,2,3,Adult Male Learners
U01592,33,31-40,Male,0,2,3,Adult Male Learners
U01593,34,31-40,Male,0,2,3,Adult Male Learners
U01594,35,31-40,Male,0,2,3,Adult Male Learners
U01595,15,15-20,Male,0,0,1,Young Male Learners
U01596,22,21-30,Male,0,1,2,Adult Female Learners
U01597,21,21-30,Female,1,1,0,Young Female Learners
U01598,30,21-30,Female,1,1,0,Young Female Learners
U01599,29,21-30,Female,1,1,0,Young Female Learners
U01600,29,21-30,Female,1,1,0,Young Female Learners
U01601,23,21-30,Female,1,1,0,Young Female Learners
U01602,31,31-40,Female,1,2,3,Adult Male Learners
U01603,32,31-40,Male,0,2,3,Adult Male Learners
U01604,31,31-40,Female,1,2,3,Adult Male Learners
U01605,18,15-20,Male,0,0,1,Young Male Learners
U01606,17,15-20,Female,1,0,1,Young Male Learners
U01607,25,21-30,Male,0,1,2,Adult Female Learners
U01608,15,15-20,Female,1,0,1,Young Male Learners
U01609,15,15-20,Male,0,0,1,Young Male Learners
U01610,31,31-40,Male,0,2,3,Adult Male Learners
U01611,27,21-30,Male,0,1,2,Adult Female Learners
U01612,29,21-30,Male,0,1,2,Adult Female Learners
U01613,25,21-30,Male,0,1,2,Adult Female Learners
U01614,17,15-20,Male,0,0,1,Young Male Learners
U01615,29,21-30,Male,0,1,2,Adult Female Learners
U01616,20,15-20,Male,0,0,1,Young Male Learners
U01617,21,21-30,Male,0,1,2,Adult Female Learners
U01618,15,15-20,Female,1,0,1,Young Male Learners
U01619,20,15-20,Female,1,0,1,Young Male Learners
U01620,19,15-20,Female,1,0,1,Young Male Learners
U01621,16,15-20,Female,1,0,1,Young Male Learners
U01622,15,15-20,Female,1,0,1,Young Male Learners
U01623,23,21-30,Male,0,1,2,Adult Female Learners
U01624,34,31-40,Female,1,2,3,Adult Male Learners
U01625,33,31-40,Female,1,2,3,Adult Male Learners
U01626,26,21-30,Female,1,1,0,Young Female Learners
U01627,23,21-30,Female,1,1,0,Young Female Learners
U01628,26,21-30,Male,0,1,2,Adult Female Learners
U01629,28,21-30,Female,1,1,0,Young Female Learners
U01630,33,31-40,Male,0,2,3,Adult Male Learners
U01631,18,15-20,Female,1,0,1,Young Male Learners
U01632,21,21-30,Male,0,1,2,Adult Female Learners
U01633,34,31-40,Male,0,2,3,Adult Male Learners
U01634,35,31-40,Male,0,2,3,Adult Male Learners
U01635,18,15-20,Female,1,0,1,Young Male Learners
U01636,19,15-20,Male,0,0,1,Young Male Learners
U01637,30,21-30,Male,0,1,2,Adult Female Learners
U01638,26,21-30,Male,0,1,2,Adult Female Learners
U01639,27,21-30,Male,0,1,2,Adult Female Learners
U01640,23,21-30,Female,1,1,0,Young Female Learners
U01641,17,15-20,Male,0,0,1,Young Male Learners
U01642,26,21-30,Male,0,1,2,Adult Female Learners
U01643,25,21-30,Male,0,1,2,Adult Female Learners
U01644,23,21-30,Male,0,1,2,Adult Female Learners
U01645,19,15-20,Male,0,0,1,Young Male Learners
U01646,28,21-30,Female,1,1,0,Young Female Learners
U01647,17,15-20,Female,1,0,1,Young Male Learners
U01648,22,21-30,Female,1,1,0,Young Female Learners
U01649,35,31-40,Male,0,2,3,Adult Male Learners
U01650,33,31-40,Male,0,2,3,Adult Male Learners
U01651,25,21-30,Female,1,1,0,Young Female Learners
U01652,35,31-40,Male,0,2,3,Adult Male Learners
U01653,21,21-30,Female,1,1,0,Young Female Learners
U01654,22,21-30,Female,1,1,0,Young Female Learners
U01655,23,21-30,Male,0,1,2,Adult Female Learners
U01656,27,21-30,Male,0,1,2,Adult Female Learners
U01657,22,21-30,Female,1,1,0,Young Female Learners
U01658,31,31-40,Female,1,2,3,Adult Male Learners
U01659,27,21-30,Female,1,1,0,Young Female Learners
U01660,25,21-30,Female,1,1,0,Young Female Learners
U01661,27,21-30,Female,1,1,0,Young Female Learners
U01662,28,21-30,Male,0,1,2,Adult Female Learners
U01663,28,21-30,Female,1,1,0,Young Female Learners
U01664,23,21-30,Female,1,1,0,Young Female Learners
U01665,34,31-40,Female,1,2,3,Adult Male Learners
U01666,28,21-30,Female,1,1,0,Young Female Learners
U01667,23,21-30,Female,1,1,0,Young Female Learners
U01668,27,21-30,Female,1,1,0,Young Female Learners
U01669,30,21-30,Female,1,1,0,Young Female Learners
U01670,19,15-20,Male,0,0,1,Young Male Learners
U01671,25,21-30,Male,0,1,2,Adult Female Learners
U01672,15,15-20,Male,0,0,1,Young Male Learners
U01673,16,15-20,Male,0,0,1,Young Male Learners
U01674,27,21-30,Female,1,1,0,Young Female Learners
U01675,17,15-20,Male,0,0,1,Young Male Learners
U01676,22,21-30,Male,0,1,2,Adult Female Learners
U01677,22,21-30,Male,0,1,2,Adult Female Learners
U01678,31,31-40,Female,1,2,3,Adult Male Learners
U01679,16,15-20,Female,1,0,1,Young Male Learners
U01680,30,21-30,Male,0,1,2,Adult Female Learners
U01681,33,31-40,Male,0,2,3,Adult Male Learners
U01682,21,21-30,Male,0,1,2,Adult Female Learners
U01683,19,15-20,Female,1,0,1,Young Male Learners
U01684,26,21-30,Female,1,1,0,Young Female Learners
U01685,26,21-30,Female,1,1,0,Young Female Learners
U01686,32,31-40,Male,0,2,3,Adult Male Learners
U01687,23,21-30,Female,1,1,0,Young Female Learners
U01688,28,21-30,Female,1,1,0,Young Female Learners
U01689,30,21-30,Female,1,1,0,Young Female Learners
U01690,27,21-30,Male,0,1,2,Adult Female Learners
U01691,22,21-30,Male,0,1,2,Adult Female Learners
U01692,26,21-30,Male,0,1,2,Adult Female Learners
U01693,21,21-30,Male,0,1,2,Adult Female Learners
U01694,35,31-40,Male,0,2,3,Adult Male Learners
U01695,32,31-40,Male,0,2,3,Adult Male Learners
U01696,31,31-40,Female,1,2,3,Adult Male Learners
U01697,35,31-40,Male,0,2,3,Adult Male Learners
U01698,28,21-30,Female,1,1,0,Young Female Learners
U01699,23,21-30,Female,1,1,0,Young Female Learners
U01700,25,21-30,Female,1,1,0,Young Female Learners
U01701,22,21-30,Male,0,1,2,Adult Female Learners
U01702,21,21-30,Female,1,1,0,Young Female Learners
U01703,21,21-30,Male,0,1,2,Adult Female Learners
U01704,30,21-30,Female,1,1,0,Young Female Learners
U01705,28,21-30,Male,0,1,2,Adult Female Learners
U01706,17,15-20,Female,1,0,1,Young Male Learners
U01707,32,31-40,Male,0,2,3,Adult Male Learners
U01708,22,21-30,Male,0,1,2,Adult Female Learners
U01709,35,31-40,Female,1,2,3,Adult Male Learners
U01710,32,31-40,Male,0,2,3,Adult Male Learners
U01711,15,15-20,Female,1,0,1,Young Male Learners
U01712,30,21-30,Male,0,1,2,Adult Female Learners
U01713,15,15-20,Male,0,0,1,Young Male Learners
U01714,24,21-30,Female,1,1,0,Young Female Learners
U01715,27,21-30,Male,0,1,2,Adult Female Learners
U01716,22,21-30,Female,1,1,0,Young Female Learners
U01717,20,15-20,Male,0,0,1,Young Male Learners
U01718,23,21-30,Male,0,1,2,Adult Female Learners
U01719,32,31-40,Female,1,2,3,Adult Male Learners
U01720,21,21-30,Female,1,1,0,Young Female Learners
U01721,15,15-20,Female,1,0,1,Young Male Learners
U01722,30,21-30,Female,1,1,0,Young Female Learners
U01723,32,31-40,Female,1,2,3,Adult Male Learners
U01724,17,15-20,Male,0,0,1,Young Male Learners
U01725,33,31-40,Male,0,2,3,Adult Male Learners
U01726,32,31-40,Female,1,2,3,Adult Male Learners
U01727,15,15-20,Female,1,0,1,Young Male Learners
U01728,33,31-40,Female,1,2,3,Adult Male Learners
U01729,29,21-30,Female,1,1,0,Young Female Learners
U01730,27,21-30,Female,1,1,0,Young Female Learners
U01731,28,21-30,Male,0,1,2,Adult Female Learners
U01732,17,15-20,Female,1,0,1,Young Male Learners
U01733,20,15-20,Female,1,0,1,Young Male Learners
U01734,29,21-30,Male,0,1,2,Adult Female Learners
U01735,29,21-30,Male,0,1,2,Adult Female Learners
U01736,17,15-20,Male,0,0,1,Young Male Learners
U01737,23,21-30,Male,0,1,2,Adult Female Learners
U01738,16,15-20,Female,1,0,1,Young Male Learners
U01739,19,15-20,Male,0,0,1,Young Male Learners
U01740,20,15-20,Male,0,0,1,Young Male Learners
U01741,30,21-30,Male,0,1,2,Adult Female Learners
U01742,30,21-30,Female,1,1,0,Young Female Learners
U01743,15,15-20,Male,0,0,1,Young Male Learners
U01744,22,21-30,Male,0,1,2,Adult Female Learners
U01745,21,21-30,Female,1,1,0,Young Female Learners
U01746,24,21-30,Male,0,1,2,Adult Female Learners
U01747,19,15-20,Female,1,0,1,Young Male Learners
U01748,22,21-30,Male,0,1,2,Adult Female Learners
U01749,31,31-40,Female,1,2,3,Adult Male Learners
U01750,24,21-30,Male,0,1,2,Adult Female Learners
U01751,25,21-30,Female,1,1,0,Young Female Learners
U01752,34,31-40,Female,1,2,3,Adult Male Learners
U01753,17,15-20,Female,1,0,1,Young Male Learners
U01754,22,21-30,Male,0,1,2,Adult Female Learners
U01755,26,21-30,Female,1,1,0,Young Female Learners
U01756,21,21-30,Male,0,1,2,Adult Female Learners
U01757,26,21-30,Female,1,1,0,Young Female Learners
U01758,16,15-20,Female,1,0,1,Young Male Learners
U01759,21,21-30,Male,0,1,2,Adult Female Learners
U01760,19,15-20,Male,0,0,1,Young Male Learners
U01761,31,31-40,Male,0,2,3,Adult Male Learners
U01762,33,31-40,Male,0,2,3,Adult Male Learners
U01763,24,21-30,Male,0,1,2,Adult Female Learners
U01764,30,21-30,Male,0,1,2,Adult Female Learners
U01765,24,21-30,Female,1,1,0,Young Female Learners
U01766,33,31-40,Female,1,2,3,Adult Male Learners
U01767,15,15-20,Female,1,0,1,Young Male Learners
U01768,26,21-30,Female,1,1,0,Young Female Learners
U01769,15,15-20,Male,0,0,1,Young Male Learners
U01770,22,21-30,Female,1,1,0,Young Female Learners
U01771,21,21-30,Male,0,1,2,Adult Female Learners
U01772,32,31-40,Female,1,2,3,Adult Male Learners
U01773,17,15-20,Male,0,0,1,Young Male Learners
U01774,17,15-20,Male,0,0,1,Young Male Learners
U01775,31,31-40,Female,1,2,3,Adult Male Learners
U01776,30,21-30,Female,1,1,0,Young Female Learners
U01777,27,21-30,Male,0,1,2,Adult Female Learners
U01778,24,21-30,Female,1,1,0,Young Female Learners
U01779,31,31-40,Male,0,2,3,Adult Male Learners
U01780,27,21-30,Male,0,1,2,Adult Female Learners
U01781,30,21-30,Male,0,1,2,Adult Female Learners
U01782,17,15-20,Female,1,0,1,Young Male Learners
U01783,28,21-30,Male,0,1,2,Adult Female Learners
U01784,32,31-40,Female,1,2,3,Adult Male Learners
U01785,34,31-40,Female,1,2,3,Adult Male Learners
U01786,25,21-30,Female,1,1,0,Young Female Learners
U01787,30,21-30,Female,1,1,0,Young Female Learners
U01788,15,15-20,Male,0,0,1,Young Male Learners
U01789,33,31-40,Female,1,2,3,Adult Male Learners
U01790,25,21-30,Male,0,1,2,Adult Female Learners
U01791,31,31-40,Female,1,2,3,Adult Male Learners
U01792,15,15-20,Male,0,0,1,Young Male Learners
U01793,30,21-30,Male,0,1,2,Adult Female Learners
U01794,26,21-30,Male,0,1,2,Adult Female Learners
U01795,15,15-20,Female,1,0,1,Young Male Learners
U01796,15,15-20,Male,0,0,1,Young Male Learners
U01797,33,31-40,Male,0,2,3,Adult Male Learners
U01798,18,15-20,Male,0,0,1,Young Male Learners
U01799,33,31-40,Female,1,2,3,Adult Male Learners
U01800,25,21-30,Female,1,1,0,Young Female Learners
U01801,20,15-20,Male,0,0,1,Young Male Learners
U01802,15,15-20,Female,1,0,1,Young Male Learners
U01803,27,21-30,Female,1,1,0,Young Female Learners
U01804,20,15-20,Female,1,0,1,Young Male Learners
U01805,21,21-30,Male,0,1,2,Adult Female Learners
U01806,26,21-30,Male,0,1,2,Adult Female Learners
U01807,31,31-40,Male,0,2,3,Adult Male Learners
U01808,15,15-20,Male,0,0,1,Young Male Learners
U01809,24,21-30,Female,1,1,0,Young Female Learners
U01810,15,15-20,Female,1,0,1,Young Male Learners
U01811,28,21-30,Female,1,1,0,Young Female Learners
U01812,17,15-20,Male,0,0,1,Young Male Learners
U01813,24,21-30,Female,1,1,0,Young Female Learners
U01814,17,15-20,Female,1,0,1,Young Male Learners
U01815,30,21-30,Male,0,1,2,Adult Female Learners
U01816,21,21-30,Male,0,1,2,Adult Female Learners
U01817,33,31-40,Male,0,2,3,Adult Male Learners
U01818,15,15-20,Male,0,0,1,Young Male Learners
U01819,17,15-20,Male,0,0,1,Young Male Learners
U01820,24,21-30,Male,0,1,2,Adult Female Learners
U01821,22,21-30,Male,0,1,2,Adult Female Learners
U01822,22,21-30,Male,0,1,2,Adult Female Learners
U01823,22,21-30,Male,0,1,2,Adult Female Learners
U01824,20,15-20,Male,0,0,1,Young Male Learners
U01825,25,21-30,Male,0,1,2,Adult Female Learners
U01826,17,15-20,Male,0,0,1,Young Male Learners
U01827,28,21-30,Male,0,1,2,Adult Female Learners
U01828,21,21-30,Male,0,1,2,Adult Female Learners
U01829,27,21-30,Male,0,1,2,Adult Female Learners
U01830,15,15-20,Male,0,0,1,Young Male Learners
U01831,34,31-40,Female,1,2,3,Adult Male Learners
U01832,24,21-30,Male,0,1,2,Adult Female Learners
U01833,16,15-20,Male,0,0,1,Young Male Learners
U01834,33,31-40,Female,1,2,3,Adult Male Learners
U01835,27,21-30,Male,0,1,2,Adult Female Learners
U01836,32,31-40,Female,1,2,3,Adult Male Learners
U01837,24,21-30,Female,1,1,0,Young Female Learners
U01838,24,21-30,Male,0,1,2,Adult Female Learners
U01839,22,21-30,Female,1,1,0,Young Female Learners
U01840,35,31-40,Female,1,2,3,Adult Male Learners
U01841,18,15-20,Female,1,0,1,Young Male Learners
U01842,33,31-40,Female,1,2,3,Adult Male Learners
U01843,19,15-20,Female,1,0,1,Young Male Learners
U01844,18,15-20,Female,1,0,1,Young Male Learners
U01845,17,15-20,Female,1,0,1,Young Male Learners
U01846,21,21-30,Female,1,1,0,Young Female Learners
U01847,18,15-20,Female,1,0,1,Young Male Learners
U01848,30,21-30,Female,1,1,0,Young Female Learners
U01849,23,21-30,Male,0,1,2,Adult Female Learners
U01850,29,21-30,Female,1,1,0,Young Female Learners
U01851,20,15-20,Male,0,0,1,Young Male Learners
U01852,19,15-20,Female,1,0,1,Young Male Learners
U01853,31,31-40,Male,0,2,3,Adult Male Learners
U01854,16,15-20,Male,0,0,1,Young Male Learners
U01855,15,15-20,Female,1,0,1,Young Male Learners
U01856,27,21-30,Male,0,1,2,Adult Female Learners
U01857,27,21-30,Female,1,1,0,Young Female Learners
U01858,34,31-40,Female,1,2,3,Adult Male Learners
U01859,24,21-30,Female,1,1,0,Young Female Learners
U01860,19,15-20,Male,0,0,1,Young Male Learners
U01861,28,21-30,Female,1,1,0,Young Female Learners
U01862,24,21-30,Male,0,1,2,Adult Female Learners
U01863,26,21-30,Male,0,1,2,Adult Female Learners
U01864,15,15-20,Male,0,0,1,Young Male Learners
U01865,18,15-20,Male,0,0,1,Young Male Learners
U01866,25,21-30,Male,0,1,2,Adult Female Learners
U01867,24,21-30,Female,1,1,0,Young Female Learners
U01868,27,21-30,Female,1,1,0,Young Female Learners
U01869,32,31-40,Male,0,2,3,Adult Male Learners
U01870,28,21-30,Female,1,1,0,Young Female Learners
U01871,21,21-30,Male,0,1,2,Adult Female Learners
U01872,28,21-30,Female,1,1,0,Young Female Learners
U01873,26,21-30,Male,0,1,2,Adult Female Learners
U01874,15,15-20,Female,1,0,1,Young Male Learners
U01875,30,21-30,Male,0,1,2,Adult Female Learners
U01876,17,15-20,Male,0,0,1,Young Male Learners
U01877,19,15-20,Male,0,0,1,Young Male Learners
U01878,20,15-20,Female,1,0,1,Young Male Learners
U01879,32,31-40,Female,1,2,3,Adult Male Learners
U01880,26,21-30,Female,1,1,0,Young Female Learners
U01881,30,21-30,Male,0,1,2,Adult Female Learners
U01882,30,21-30,Female,1,1,0,Young Female Learners
U01883,30,21-30,Female,1,1,0,Young Female Learners
U01884,20,15-20,Male,0,0,1,Young Male Learners
U01885,25,21-30,Female,1,1,0,Young Female Learners
U01886,17,15-20,Male,0,0,1,Young Male Learners
U01887,21,21-30,Female,1,1,0,Young Female Learners
U01888,15,15-20,Female,1,0,1,Young Male Learners
U01889,30,21-30,Female,1,1,0,Young Female Learners
U01890,18,15-20,Female,1,0,1,Young Male Learners
U01891,35,31-40,Female,1,2,3,Adult Male Learners
U01892,16,15-20,Male,0,0,1,Young Male Learners
U01893,23,21-30,Female,1,1,0,Young Female Learners
U01894,35,31-40,Male,0,2,3,Adult Male Learners
U01895,35,31-40,Female,1,2,3,Adult Male Learners
U01896,32,31-40,Female,1,2,3,Adult Male Learners
U01897,15,15-20,Female,1,0,1,Young Male Learners
U01898,26,21-30,Male,0,1,2,Adult Female Learners
U01899,25,21-30,Female,1,1,0,Young Female Learners
U01900,19,15-20,Male,0,0,1,Young Male Learners
U01901,23,21-30,Male,0,1,2,Adult Female Learners
U01902,30,21-30,Female,1,1,0,Young Female Learners
U01903,17,15-20,Female,1,0,1,Young Male Learners
U01904,17,15-20,Male,0,0,1,Young Male Learners
U01905,24,21-30,Female,1,1,0,Young Female Learners
U01906,19,15-20,Male,0,0,1,Young Male Learners
U01907,15,15-20,Male,0,0,1,Young Male Learners
U01908,19,15-20,Male,0,0,1,Young Male Learners
U01909,25,21-30,Male,0,1,2,Adult Female Learners
U01910,28,21-30,Male,0,1,2,Adult Female Learners
U01911,22,21-30,Male,0,1,2,Adult Female Learners
U01912,24,21-30,Female,1,1,0,Young Female Learners
U01913,24,21-30,Male,0,1,2,Adult Female Learners
U01914,32,31-40,Female,1,2,3,Adult Male Learners
U01915,34,31-40,Female,1,2,3,Adult Male Learners
U01916,29,21-30,Male,0,1,2,Adult Female Learners
U01917,18,15-20,Female,1,0,1,Young Male Learners
U01918,23,21-30,Male,0,1,2,Adult Female Learners
U01919,16,15-20,Female,1,0,1,Young Male Learners
U01920,33,31-40,Male,0,2,3,Adult Male Learners
U01921,24,21-30,Male,0,1,2,Adult Female Learners
U01922,21,21-30,Male,0,1,2,Adult Female Learners
U01923,19,15-20,Male,0,0,1,Young Male Learners
U01924,20,15-20,Male,0,0,1,Young Male Learners
U01925,33,31-40,Male,0,2,3,Adult Male Learners
U01926,26,21-30,Female,1,1,0,Young Female Learners
U01927,27,21-30,Female,1,1,0,Young Female Learners
U01928,33,31-40,Female,1,2,3,Adult Male Learners
U01929,19,15-20,Male,0,0,1,Young Male Learners
U01930,28,21-30,Female,1,1,0,Young Female Learners
U01931,23,21-30,Female,1,1,0,Young Female Learners
U01932,25,21-30,Male,0,1,2,Adult Female Learners
U01933,27,21-30,Female,1,1,0,Young Female Learners
U01934,22,21-30,Male,0,1,2,Adult Female Learners
U01935,33,31-40,Female,1,2,3,Adult Male Learners
U01936,23,21-30,Male,0,1,2,Adult Female Learners
U01937,21,21-30,Female,1,1,0,Young Female Learners
U01938,33,31-40,Female,1,2,3,Adult Male Learners
U01939,35,31-40,Male,0,2,3,Adult Male Learners
U01940,16,15-20,Female,1,0,1,Young Male Learners
U01941,26,21-30,Female,1,1,0,Young Female Learners
U01942,27,21-30,Male,0,1,2,Adult Female Learners
U01943,17,15-20,Male,0,0,1,Young Male Learners
U01944,19,15-20,Female,1,0,1,Young Male Learners
U01945,29,21-30,Female,1,1,0,Young Female Learners
U01946,19,15-20,Female,1,0,1,Young Male Learners
U01947,27,21-30,Female,1,1,0,Young Female Learners
U01948,33,31-40,Female,1,2,3,Adult Male Learners
U01949,19,15-20,Male,0,0,1,Young Male Learners
U01950,29,21-30,Male,0,1,2,Adult Female Learners
U01951,19,15-20,Female,1,0,1,Young Male Learners
U01952,15,15-20,Female,1,0,1,Young Male Learners
U01953,19,15-20,Male,0,0,1,Young Male Learners
U01954,35,31-40,Male,0,2,3,Adult Male Learners
U01955,29,21-30,Female,1,1,0,Young Female Learners
U01956,34,31-40,Male,0,2,3,Adult Male Learners
U01957,30,21-30,Male,0,1,2,Adult Female Learners
U01958,16,15-20,Male,0,0,1,Young Male Learners
U01959,26,21-30,Female,1,1,0,Young Female Learners
U01960,19,15-20,Female,1,0,1,Young Male Learners
U01961,30,21-30,Male,0,1,2,Adult Female Learners
U01962,19,15-20,Male,0,0,1,Young Male Learners
U01963,30,21-30,Male,0,1,2,Adult Female Learners
U01964,32,31-40,Male,0,2,3,Adult Male Learners
U01965,19,15-20,Female,1,0,1,Young Male Learners
U01966,25,21-30,Female,1,1,0,Young Female Learners
U01967,27,21-30,Female,1,1,0,Young Female Learners
U01968,30,21-30,Female,1,1,0,Young Female Learners
U01969,26,21-30,Male,0,1,2,Adult Female Learners
U01970,16,15-20,Female,1,0,1,Young Male Learners
U01971,17,15-20,Female,1,0,1,Young Male Learners
U01972,18,15-20,Male,0,0,1,Young Male Learners
U01973,30,21-30,Male,0,1,2,Adult Female Learners
U01974,31,31-40,Female,1,2,3,Adult Male Learners
U01975,29,21-30,Male,0,1,2,Adult Female Learners
U01976,24,21-30,Male,0,1,2,Adult Female Learners
U01977,32,31-40,Male,0,2,3,Adult Male Learners
U01978,26,21-30,Male,0,1,2,Adult Female Learners
U01979,25,21-30,Female,1,1,0,Young Female Learners
U01980,15,15-20,Female,1,0,1,Young Male Learners
U01981,27,21-30,Female,1,1,0,Young Female Learners
U01982,35,31-40,Female,1,2,3,Adult Male Learners
U01983,29,21-30,Female,1,1,0,Young Female Learners
U01984,15,15-20,Female,1,0,1,Young Male Learners
U01985,22,21-30,Female,1,1,0,Young Female Learners
U01986,29,21-30,Female,1,1,0,Young Female Learners
U01987,15,15-20,Male,0,0,1,Young Male Learners
U01988,17,15-20,Female,1,0,1,Young Male Learners
U01989,26,21-30,Female,1,1,0,Young Female Learners
U01990,16,15-20,Male,0,0,1,Young Male Learners
U01991,16,15-20,Female,1,0,1,Young Male Learners
U01992,18,15-20,Male,0,0,1,Young Male Learners
U01993,23,21-30,Female,1,1,0,Young Female Learners
U01994,20,15-20,Female,1,0,1,Young Male Learners
U01995,35,31-40,Female,1,2,3,Adult Male Learners
U01996,29,21-30,Female,1,1,0,Young Female Learners
U01997,16,15-20,Male,0,0,1,Young Male Learners
U01998,23,21-30,Male,0,1,2,Adult Female Learners
U01999,17,15-20,Female,1,0,1,Young Male Learners
U02000,32,31-40,Male,0,2,3,Adult Male Learners
U02001,30,21-30,Male,0,1,2,Adult Female Learners
U02002,23,21-30,Female,1,1,0,Young Female Learners
U02003,31,31-40,Male,0,2,3,Adult Male Learners
U02004,27,21-30,Male,0,1,2,Adult Female Learners
U02005,27,21-30,Male,0,1,2,Adult Female Learners
U02006,34,31-40,Male,0,2,3,Adult Male Learners
U02007,25,21-30,Female,1,1,0,Young Female Learners
U02008,25,21-30,Male,0,1,2,Adult Female Learners
U02009,34,31-40,Male,0,2,3,Adult Male Learners
U02010,31,31-40,Male,0,2,3,Adult Male Learners
U02011,27,21-30,Male,0,1,2,Adult Female Learners
U02012,17,15-20,Female,1,0,1,Young Male Learners
U02013,29,21-30,Female,1,1,0,Young Female Learners
U02014,23,21-30,Female,1,1,0,Young Female Learners
U02015,30,21-30,Male,0,1,2,Adult Female Learners
U02016,25,21-30,Male,0,1,2,Adult Female Learners
U02017,22,21-30,Female,1,1,0,Young Female Learners
U02018,35,31-40,Male,0,2,3,Adult Male Learners
U02019,25,21-30,Female,1,1,0,Young Female Learners
U02020,18,15-20,Male,0,0,1,Young Male Learners
U02021,25,21-30,Female,1,1,0,Young Female Learners
U02022,27,21-30,Female,1,1,0,Young Female Learners
U02023,31,31-40,Female,1,2,3,Adult Male Learners
U02024,24,21-30,Female,1,1,0,Young Female Learners
U02025,21,21-30,Male,0,1,2,Adult Female Learners
U02026,19,15-20,Female,1,0,1,Young Male Learners
U02027,28,21-30,Male,0,1,2,Adult Female Learners
U02028,35,31-40,Female,1,2,3,Adult Male Learners
U02029,28,21-30,Male,0,1,2,Adult Female Learners
U02030,28,21-30,Female,1,1,0,Young Female Learners
U02031,20,15-20,Male,0,0,1,Young Male Learners
U02032,17,15-20,Male,0,0,1,Young Male Learners
U02033,25,21-30,Male,0,1,2,Adult Female Learners
U02034,31,31-40,Female,1,2,3,Adult Male Learners
U02035,32,31-40,Male,0,2,3,Adult Male Learners
U02036,26,21-30,Male,0,1,2,Adult Female Learners
U02037,18,15-20,Female,1,0,1,Young Male Learners
U02038,32,31-40,Female,1,2,3,Adult Male Learners
U02039,29,21-30,Male,0,1,2,Adult Female Learners
U02040,30,21-30,Male,0,1,2,Adult Female Learners
U02041,34,31-40,Male,0,2,3,Adult Male Learners
U02042,32,31-40,Female,1,2,3,Adult Male Learners
U02043,23,21-30,Female,1,1,0,Young Female Learners
U02044,24,21-30,Female,1,1,0,Young Female Learners
U02045,28,21-30,Female,1,1,0,Young Female Learners
U02046,17,15-20,Male,0,0,1,Young Male Learners
U02047,18,15-20,Female,1,0,1,Young Male Learners
U02048,19,15-20,Female,1,0,1,Young Male Learners
U02049,22,21-30,Male,0,1,2,Adult Female Learners
U02050,28,21-30,Male,0,1,2,Adult Female Learners
U02051,31,31-40,Female,1,2,3,Adult Male Learners
U02052,21,21-30,Male,0,1,2,Adult Female Learners
U02053,19,15-20,Female,1,0,1,Young Male Learners
U02054,23,21-30,Male,0,1,2,Adult Female Learners
U02055,33,31-40,Female,1,2,3,Adult Male Learners
U02056,35,31-40,Female,1,2,3,Adult Male Learners
U02057,16,15-20,Male,0,0,1,Young Male Learners
U02058,16,15-20,Male,0,0,1,Young Male Learners
U02059,20,15-20,Female,1,0,1,Young Male Learners
U02060,31,31-40,Female,1,2,3,Adult Male Learners
U02061,25,21-30,Female,1,1,0,Young Female Learners
U02062,35,31-40,Male,0,2,3,Adult Male Learners
U02063,26,21-30,Male,0,1,2,Adult Female Learners
U02064,35,31-40,Male,0,2,3,Adult Male Learners
U02065,20,15-20,Male,0,0,1,Young Male Learners
U02066,18,15-20,Male,0,0,1,Young Male Learners
U02067,26,21-30,Female,1,1,0,Young Female Learners
U02068,15,15-20,Male,0,0,1,Young Male Learners
U02069,18,15-20,Male,0,0,1,Young Male Learners
U02070,31,31-40,Female,1,2,3,Adult Male Learners
U02071,24,21-30,Male,0,1,2,Adult Female Learners
U02072,16,15-20,Male,0,0,1,Young Male Learners
U02073,19,15-20,Female,1,0,1,Young Male Learners
U02074,27,21-30,Female,1,1,0,Young Female Learners
U02075,26,21-30,Male,0,1,2,Adult Female Learners
U02076,24,21-30,Female,1,1,0,Young Female Learners
U02077,24,21-30,Male,0,1,2,Adult Female Learners
U02078,34,31-40,Female,1,2,3,Adult Male Learners
U02079,29,21-30,Female,1,1,0,Young Female Learners
U02080,33,31-40,Male,0,2,3,Adult Male Learners
U02081,19,15-20,Female,1,0,1,Young Male Learners
U02082,26,21-30,Female,1,1,0,Young Female Learners
U02083,27,21-30,Female,1,1,0,Young Female Learners
U02084,21,21-30,Female,1,1,0,Young Female Learners
U02085,22,21-30,Female,1,1,0,Young Female Learners
U02086,30,21-30,Male,0,1,2,Adult Female Learners
U02087,28,21-30,Female,1,1,0,Young Female Learners
U02088,18,15-20,Female,1,0,1,Young Male Learners
U02089,16,15-20,Female,1,0,1,Young Male Learners
U02090,22,21-30,Female,1,1,0,Young Female Learners
U02091,27,21-30,Male,0,1,2,Adult Female Learners
U02092,25,21-30,Female,1,1,0,Young Female Learners
U02093,18,15-20,Male,0,0,1,Young Male Learners
U02094,24,21-30,Female,1,1,0,Young Female Learners
U02095,32,31-40,Female,1,2,3,Adult Male Learners
U02096,31,31-40,Male,0,2,3,Adult Male Learners
U02097,15,15-20,Female,1,0,1,Young Male Learners
U02098,25,21-30,Male,0,1,2,Adult Female Learners
U02099,21,21-30,Female,1,1,0,Young Female Learners
U02100,15,15-20,Female,1,0,1,Young Male Learners
U02101,27,21-30,Male,0,1,2,Adult Female Learners
U02102,20,15-20,Female,1,0,1,Young Male Learners
U02103,33,31-40,Male,0,2,3,Adult Male Learners
U02104,15,15-20,Male,0,0,1,Young Male Learners
U02105,32,31-40,Female,1,2,3,Adult Male Learners
U02106,28,21-30,Female,1,1,0,Young Female Learners
U02107,31,31-40,Male,0,2,3,Adult Male Learners
U02108,27,21-30,Female,1,1,0,Young Female Learners
U02109,23,21-30,Male,0,1,2,Adult Female Learners
U02110,25,21-30,Male,0,1,2,Adult Female Learners
U02111,21,21-30,Male,0,1,2,Adult Female Learners
U02112,22,21-30,Female,1,1,0,Young Female Learners
U02113,28,21-30,Female,1,1,0,Young Female Learners
U02114,32,31-40,Male,0,2,3,Adult Male Learners
U02115,18,15-20,Male,0,0,1,Young Male Learners
U02116,32,31-40,Female,1,2,3,Adult Male Learners
U02117,31,31-40,Male,0,2,3,Adult Male Learners
U02118,27,21-30,Male,0,1,2,Adult Female Learners
U02119,24,21-30,Female,1,1,0,Young Female Learners
U02120,19,15-20,Male,0,0,1,Young Male Learners
U02121,16,15-20,Female,1,0,1,Young Male Learners
U02122,32,31-40,Female,1,2,3,Adult Male Learners
U02123,32,31-40,Male,0,2,3,Adult Male Learners
U02124,15,15-20,Female,1,0,1,Young Male Learners
U02125,31,31-40,Female,1,2,3,Adult Male Learners
U02126,22,21-30,Female,1,1,0,Young Female Learners
U02127,21,21-30,Female,1,1,0,Young Female Learners
U02128,30,21-30,Male,0,1,2,Adult Female Learners
U02129,20,15-20,Female,1,0,1,Young Male Learners
U02130,19,15-20,Male,0,0,1,Young Male Learners
U02131,27,21-30,Female,1,1,0,Young Female Learners
U02132,20,15-20,Female,1,0,1,Young Male Learners
U02133,21,21-30,Male,0,1,2,Adult Female Learners
U02134,31,31-40,Female,1,2,3,Adult Male Learners
U02135,31,31-40,Male,0,2,3,Adult Male Learners
U02136,33,31-40,Male,0,2,3,Adult Male Learners
U02137,30,21-30,Male,0,1,2,Adult Female Learners
U02138,19,15-20,Female,1,0,1,Young Male Learners
U02139,23,21-30,Male,0,1,2,Adult Female Learners
U02140,21,21-30,Female,1,1,0,Young Female Learners
U02141,17,15-20,Male,0,0,1,Young Male Learners
U02142,26,21-30,Female,1,1,0,Young Female Learners
U02143,24,21-30,Male,0,1,2,Adult Female Learners
U02144,15,15-20,Male,0,0,1,Young Male Learners
U02145,16,15-20,Female,1,0,1,Young Male Learners
U02146,17,15-20,Male,0,0,1,Young Male Learners
U02147,33,31-40,Male,0,2,3,Adult Male Learners
U02148,31,31-40,Female,1,2,3,Adult Male Learners
U02149,21,21-30,Female,1,1,0,Young Female Learners
U02150,16,15-20,Female,1,0,1,Young Male Learners
U02151,18,15-20,Female,1,0,1,Young Male Learners
U02152,35,31-40,Female,1,2,3,Adult Male Learners
U02153,18,15-20,Female,1,0,1,Young Male Learners
U02154,16,15-20,Male,0,0,1,Young Male Learners
U02155,16,15-20,Female,1,0,1,Young Male Learners
U02156,34,31-40,Female,1,2,3,Adult Male Learners
U02157,29,21-30,Male,0,1,2,Adult Female Learners
U02158,17,15-20,Female,1,0,1,Young Male Learners
U02159,29,21-30,Female,1,1,0,Young Female Learners
U02160,21,21-30,Female,1,1,0,Young Female Learners
U02161,23,21-30,Female,1,1,0,Young Female Learners
U02162,25,21-30,Male,0,1,2,Adult Female Learners
U02163,29,21-30,Male,0,1,2,Adult Female Learners
U02164,25,21-30,Female,1,1,0,Young Female Learners
U02165,18,15-20,Male,0,0,1,Young Male Learners
U02166,27,21-30,Male,0,1,2,Adult Female Learners
U02167,25,21-30,Female,1,1,0,Young Female Learners
U02168,34,31-40,Male,0,2,3,Adult Male Learners
U02169,32,31-40,Female,1,2,3,Adult Male Learners
U02170,24,21-30,Male,0,1,2,Adult Female Learners
U02171,31,31-40,Male,0,2,3,Adult Male Learners
U02172,34,31-40,Male,0,2,3,Adult Male Learners
U02173,22,21-30,Female,1,1,0,Young Female Learners
U02174,17,15-20,Female,1,0,1,Young Male Learners
U02175,15,15-20,Female,1,0,1,Young Male Learners
U02176,23,21-30,Male,0,1,2,Adult Female Learners
U02177,35,31-40,Male,0,2,3,Adult Male Learners
U02178,21,21-30,Female,1,1,0,Young Female Learners
U02179,27,21-30,Female,1,1,0,Young Female Learners
U02180,31,31-40,Female,1,2,3,Adult Male Learners
U02181,27,21-30,Female,1,1,0,Young Female Learners
U02182,29,21-30,Male,0,1,2,Adult Female Learners
U02183,19,15-20,Male,0,0,1,Young Male Learners
U02184,20,15-20,Female,1,0,1,Young Male Learners
U02185,16,15-20,Male,0,0,1,Young Male Learners
U02186,29,21-30,Male,0,1,2,Adult Female Learners
U02187,21,21-30,Male,0,1,2,Adult Female Learners
U02188,17,15-20,Female,1,0,1,Young Male Learners
U02189,18,15-20,Male,0,0,1,Young Male Learners
U02190,19,15-20,Male,0,0,1,Young Male Learners
U02191,24,21-30,Male,0,1,2,Adult Female Learners
U02192,22,21-30,Female,1,1,0,Young Female Learners
U02193,20,15-20,Male,0,0,1,Young Male Learners
U02194,18,15-20,Male,0,0,1,Young Male Learners
U02195,27,21-30,Female,1,1,0,Young Female Learners
U02196,31,31-40,Female,1,2,3,Adult Male Learners
U02197,24,21-30,Female,1,1,0,Young Female Learners
U02198,17,15-20,Female,1,0,1,Young Male Learners
U02199,27,21-30,Male,0,1,2,Adult Female Learners
U02200,23,21-30,Male,0,1,2,Adult Female Learners
U02201,20,15-20,Male,0,0,1,Young Male Learners
U02202,28,21-30,Male,0,1,2,Adult Female Learners
U02203,31,31-40,Female,1,2,3,Adult Male Learners
U02204,16,15-20,Female,1,0,1,Young Male Learners
U02205,34,31-40,Female,1,2,3,Adult Male Learners
U02206,31,31-40,Male,0,2,3,Adult Male Learners
U02207,33,31-40,Female,1,2,3,Adult Male Learners
U02208,30,21-30,Male,0,1,2,Adult Female Learners
U02209,24,21-30,Male,0,1,2,Adult Female Learners
U02210,33,31-40,Male,0,2,3,Adult Male Learners
U02211,23,21-30,Male,0,1,2,Adult Female Learners
U02212,33,31-40,Male,0,2,3,Adult Male Learners
U02213,17,15-20,Male,0,0,1,Young Male Learners
U02214,20,15-20,Female,1,0,1,Young Male Learners
U02215,32,31-40,Male,0,2,3,Adult Male Learners
U02216,26,21-30,Female,1,1,0,Young Female Learners
U02217,21,21-30,Male,0,1,2,Adult Female Learners
U02218,17,15-20,Male,0,0,1,Young Male Learners
U02219,29,21-30,Male,0,1,2,Adult Female Learners
U02220,30,21-30,Male,0,1,2,Adult Female Learners
U02221,19,15-20,Female,1,0,1,Young Male Learners
U02222,23,21-30,Male,0,1,2,Adult Female Learners
U02223,22,21-30,Female,1,1,0,Young Female Learners
U02224,18,15-20,Female,1,0,1,Young Male Learners
U02225,33,31-40,Female,1,2,3,Adult Male Learners
U02226,20,15-20,Female,1,0,1,Young Male Learners
U02227,21,21-30,Female,1,1,0,Young Female Learners
U02228,19,15-20,Male,0,0,1,Young Male Learners
U02229,34,31-40,Female,1,2,3,Adult Male Learners
U02230,32,31-40,Female,1,2,3,Adult Male Learners
U02231,20,15-20,Male,0,0,1,Young Male Learners
U02232,26,21-30,Female,1,1,0,Young Female Learners
U02233,28,21-30,Male,0,1,2,Adult Female Learners
U02234,31,31-40,Female,1,2,3,Adult Male Learners
U02235,15,15-20,Female,1,0,1,Young Male Learners
U02236,24,21-30,Female,1,1,0,Young Female Learners
U02237,16,15-20,Male,0,0,1,Young Male Learners
U02238,19,15-20,Female,1,0,1,Young Male Learners
U02239,25,21-30,Female,1,1,0,Young Female Learners
U02240,33,31-40,Female,1,2,3,Adult Male Learners
U02241,29,21-30,Male,0,1,2,Adult Female Learners
U02242,29,21-30,Female,1,1,0,Young Female Learners
U02243,16,15-20,Female,1,0,1,Young Male Learners
U02244,34,31-40,Male,0,2,3,Adult Male Learners
U02245,22,21-30,Male,0,1,2,Adult Female Learners
U02246,15,15-20,Female,1,0,1,Young Male Learners
U02247,15,15-20,Female,1,0,1,Young Male Learners
U02248,29,21-30,Male,0,1,2,Adult Female Learners
U02249,25,21-30,Female,1,1,0,Young Female Learners
U02250,19,15-20,Female,1,0,1,Young Male Learners
U02251,35,31-40,Male,0,2,3,Adult Male Learners
U02252,29,21-30,Female,1,1,0,Young Female Learners
U02253,22,21-30,Female,1,1,0,Young Female Learners
U02254,17,15-20,Female,1,0,1,Young Male Learners
U02255,18,15-20,Female,1,0,1,Young Male Learners
U02256,16,15-20,Female,1,0,1,Young Male Learners
U02257,19,15-20,Female,1,0,1,Young Male Learners
U02258,21,21-30,Male,0,1,2,Adult Female Learners
U02259,32,31-40,Female,1,2,3,Adult Male Learners
U02260,16,15-20,Female,1,0,1,Young Male Learners
U02261,26,21-30,Male,0,1,2,Adult Female Learners
U02262,31,31-40,Female,1,2,3,Adult Male Learners
U02263,29,21-30,Female,1,1,0,Young Female Learners
U02264,28,21-30,Female,1,1,0,Young Female Learners
U02265,33,31-40,Male,0,2,3,Adult Male Learners
U02266,21,21-30,Male,0,1,2,Adult Female Learners
U02267,19,15-20,Male,0,0,1,Young Male Learners
U02268,29,21-30,Female,1,1,0,Young Female Learners
U02269,32,31-40,Male,0,2,3,Adult Male Learners
U02270,21,21-30,Male,0,1,2,Adult Female Learners
U02271,20,15-20,Male,0,0,1,Young Male Learners
U02272,23,21-30,Female,1,1,0,Young Female Learners
U02273,28,21-30,Male,0,1,2,Adult Female Learners
U02274,16,15-20,Male,0,0,1,Young Male Learners
U02275,23,21-30,Female,1,1,0,Young Female Learners
U02276,34,31-40,Female,1,2,3,Adult Male Learners
U02277,28,21-30,Male,0,1,2,Adult Female Learners
U02278,20,15-20,Male,0,0,1,Young Male Learners
U02279,29,21-30,Female,1,1,0,Young Female Learners
U02280,26,21-30,Female,1,1,0,Young Female Learners
U02281,34,31-40,Male,0,2,3,Adult Male Learners
U02282,25,21-30,Female,1,1,0,Young Female Learners
U02283,16,15-20,Male,0,0,1,Young Male Learners
U02284,28,21-30,Male,0,1,2,Adult Female Learners
U02285,28,21-30,Female,1,1,0,Young Female Learners
U02286,32,31-40,Female,1,2,3,Adult Male Learners
U02287,22,21-30,Male,0,1,2,Adult Female Learners
U02288,32,31-40,Female,1,2,3,Adult Male Learners
U02289,15,15-20,Male,0,0,1,Young Male Learners
U02290,25,21-30,Male,0,1,2,Adult Female Learners
U02291,31,31-40,Female,1,2,3,Adult Male Learners
U02292,30,21-30,Male,0,1,2,Adult Female Learners
U02293,30,21-30,Female,1,1,0,Young Female Learners
U02294,26,21-30,Male,0,1,2,Adult Female Learners
U02295,33,31-40,Male,0,2,3,Adult Male Learners
U02296,27,21-30,Female,1,1,0,Young Female Learners
U02297,28,21-30,Male,0,1,2,Adult Female Learners
U02298,22,21-30,Female,1,1,0,Young Female Learners
U02299,35,31-40,Female,1,2,3,Adult Male Learners
U02300,35,31-40,Male,0,2,3,Adult Male Learners
U02301,18,15-20,Female,1,0,1,Young Male Learners
U02302,30,21-30,Male,0,1,2,Adult Female Learners
U02303,34,31-40,Male,0,2,3,Adult Male Learners
U02304,21,21-30,Male,0,1,2,Adult Female Learners
U02305,19,15-20,Female,1,0,1,Young Male Learners
U02306,18,15-20,Female,1,0,1,Young Male Learners
U02307,22,21-30,Male,0,1,2,Adult Female Learners
U02308,15,15-20,Female,1,0,1,Young Male Learners
U02309,23,21-30,Female,1,1,0,Young Female Learners
U02310,15,15-20,Male,0,0,1,Young Male Learners
U02311,23,21-30,Female,1,1,0,Young Female Learners
U02312,28,21-30,Male,0,1,2,Adult Female Learners
U02313,24,21-30,Female,1,1,0,Young Female Learners
U02314,29,21-30,Male,0,1,2,Adult Female Learners
U02315,34,31-40,Male,0,2,3,Adult Male Learners
U02316,31,31-40,Female,1,2,3,Adult Male Learners
U02317,18,15-20,Male,0,0,1,Young Male Learners
U02318,24,21-30,Female,1,1,0,Young Female Learners
U02319,24,21-30,Female,1,1,0,Young Female Learners
U02320,17,15-20,Male,0,0,1,Young Male Learners
U02321,26,21-30,Female,1,1,0,Young Female Learners
U02322,28,21-30,Female,1,1,0,Young Female Learners
U02323,29,21-30,Female,1,1,0,Young Female Learners
U02324,34,31-40,Female,1,2,3,Adult Male Learners
U02325,15,15-20,Male,0,0,1,Young Male Learners
U02326,32,31-40,Male,0,2,3,Adult Male Learners
U02327,29,21-30,Male,0,1,2,Adult Female Learners
U02328,22,21-30,Female,1,1,0,Young Female Learners
U02329,35,31-40,Male,0,2,3,Adult Male Learners
U02330,29,21-30,Female,1,1,0,Young Female Learners
U02331,25,21-30,Female,1,1,0,Young Female Learners
U02332,23,21-30,Male,0,1,2,Adult Female Learners
U02333,32,31-40,Female,1,2,3,Adult Male Learners
U02334,23,21-30,Female,1,1,0,Young Female Learners
U02335,25,21-30,Female,1,1,0,Young Female Learners
U02336,17,15-20,Female,1,0,1,Young Male Learners
U02337,18,15-20,Female,1,0,1,Young Male Learners
U02338,29,21-30,Female,1,1,0,Young Female Learners
U02339,33,31-40,Female,1,2,3,Adult Male Learners
U02340,20,15-20,Male,0,0,1,Young Male Learners
U02341,17,15-20,Male,0,0,1,Young Male Learners
U02342,21,21-30,Male,0,1,2,Adult Female Learners
U02343,29,21-30,Male,0,1,2,Adult Female Learners
U02344,26,21-30,Male,0,1,2,Adult Female Learners
U02345,31,31-40,Male,0,2,3,Adult Male Learners
U02346,34,31-40,Male,0,2,3,Adult Male Learners
U02347,27,21-30,Male,0,1,2,Adult Female Learners
U02348,20,15-20,Male,0,0,1,Young Male Learners
U02349,27,21-30,Male,0,1,2,Adult Female Learners
U02350,31,31-40,Female,1,2,3,Adult Male Learners
U02351,22,21-30,Female,1,1,0,Young Female Learners
U02352,30,21-30,Female,1,1,0,Young Female Learners
U02353,16,15-20,Male,0,0,1,Young Male Learners
U02354,29,21-30,Female,1,1,0,Young Female Learners
U02355,32,31-40,Female,1,2,3,Adult Male Learners
U02356,35,31-40,Male,0,2,3,Adult Male Learners
U02357,28,21-30,Female,1,1,0,Young Female Learners
U02358,22,21-30,Male,0,1,2,Adult Female Learners
U02359,32,31-40,Female,1,2,3,Adult Male Learners
U02360,18,15-20,Female,1,0,1,Young Male Learners
U02361,26,21-30,Female,1,1,0,Young Female Learners
U02362,33,31-40,Female,1,2,3,Adult Male Learners
U02363,15,15-20,Male,0,0,1,Young Male Learners
U02364,29,21-30,Female,1,1,0,Young Female Learners
U02365,34,31-40,Female,1,2,3,Adult Male Learners
U02366,19,15-20,Female,1,0,1,Young Male Learners
U02367,25,21-30,Male,0,1,2,Adult Female Learners
U02368,31,31-40,Male,0,2,3,Adult Male Learners
U02369,16,15-20,Male,0,0,1,Young Male Learners
U02370,24,21-30,Male,0,1,2,Adult Female Learners
U02371,34,31-40,Female,1,2,3,Adult Male Learners
U02372,35,31-40,Male,0,2,3,Adult Male Learners
U02373,22,21-30,Male,0,1,2,Adult Female Learners
U02374,22,21-30,Male,0,1,2,Adult Female Learners
U02375,33,31-40,Female,1,2,3,Adult Male Learners
U02376,19,15-20,Female,1,0,1,Young Male Learners
U02377,35,31-40,Male,0,2,3,Adult Male Learners
U02378,23,21-30,Male,0,1,2,Adult Female Learners
U02379,20,15-20,Male,0,0,1,Young Male Learners
U02380,24,21-30,Female,1,1,0,Young Female Learners
U02381,31,31-40,Female,1,2,3,Adult Male Learners
U02382,32,31-40,Male,0,2,3,Adult Male Learners
U02383,21,21-30,Male,0,1,2,Adult Female Learners
U02384,22,21-30,Male,0,1,2,Adult Female Learners
U02385,30,21-30,Male,0,1,2,Adult Female Learners
U02386,35,31-40,Male,0,2,3,Adult Male Learners
U02387,31,31-40,Male,0,2,3,Adult Male Learners
U02388,23,21-30,Male,0,1,2,Adult Female Learners
U02389,33,31-40,Male,0,2,3,Adult Male Learners
U02390,28,21-30,Female,1,1,0,Young Female Learners
U02391,20,15-20,Female,1,0,1,Young Male Learners
U02392,21,21-30,Male,0,1,2,Adult Female Learners
U02393,18,15-20,Male,0,0,1,Young Male Learners
U02394,35,31-40,Male,0,2,3,Adult Male Learners
U02395,32,31-40,Female,1,2,3,Adult Male Learners
U02396,16,15-20,Female,1,0,1,Young Male Learners
U02397,22,21-30,Male,0,1,2,Adult Female Learners
U02398,26,21-30,Female,1,1,0,Young Female Learners
U02399,22,21-30,Male,0,1,2,Adult Female Learners
U02400,17,15-20,Male,0,0,1,Young Male Learners
U02401,28,21-30,Male,0,1,2,Adult Female Learners
U02402,19,15-20,Female,1,0,1,Young Male Learners
U02403,18,15-20,Female,1,0,1,Young Male Learners
U02404,28,21-30,Male,0,1,2,Adult Female Learners
U02405,25,21-30,Female,1,1,0,Young Female Learners
U02406,23,21-30,Female,1,1,0,Young Female Learners
U02407,27,21-30,Male,0,1,2,Adult Female Learners
U02408,34,31-40,Female,1,2,3,Adult Male Learners
U02409,24,21-30,Female,1,1,0,Young Female Learners
U02410,18,15-20,Male,0,0,1,Young Male Learners
U02411,31,31-40,Female,1,2,3,Adult Male Learners
U02412,15,15-20,Female,1,0,1,Young Male Learners
U02413,25,21-30,Male,0,1,2,Adult Female Learners
U02414,21,21-30,Male,0,1,2,Adult Female Learners
U02415,33,31-40,Male,0,2,3,Adult Male Learners
U02416,24,21-30,Female,1,1,0,Young Female Learners
U02417,34,31-40,Female,1,2,3,Adult Male Learners
U02418,23,21-30,Male,0,1,2,Adult Female Learners
U02419,17,15-20,Female,1,0,1,Young Male Learners
U02420,20,15-20,Female,1,0,1,Young Male Learners
U02421,15,15-20,Female,1,0,1,Young Male Learners
U02422,21,21-30,Female,1,1,0,Young Female Learners
U02423,32,31-40,Female,1,2,3,Adult Male Learners
U02424,31,31-40,Female,1,2,3,Adult Male Learners
U02425,24,21-30,Female,1,1,0,Young Female Learners
U02426,19,15-20,Female,1,0,1,Young Male Learners
U02427,31,31-40,Female,1,2,3,Adult Male Learners
U02428,30,21-30,Male,0,1,2,Adult Female Learners
U02429,30,21-30,Female,1,1,0,Young Female Learners
U02430,29,21-30,Male,0,1,2,Adult Female Learners
U02431,16,15-20,Male,0,0,1,Young Male Learners
U02432,30,21-30,Female,1,1,0,Young Female Learners
U02433,15,15-20,Female,1,0,1,Young Male Learners
U02434,31,31-40,Male,0,2,3,Adult Male Learners
U02435,17,15-20,Male,0,0,1,Young Male Learners
U02436,16,15-20,Male,0,0,1,Young Male Learners
U02437,15,15-20,Male,0,0,1,Young Male Learners
U02438,28,21-30,Female,1,1,0,Young Female Learners
U02439,22,21-30,Female,1,1,0,Young Female Learners
U02440,26,21-30,Female,1,1,0,Young Female Learners
U02441,33,31-40,Male,0,2,3,Adult Male Learners
U02442,23,21-30,Male,0,1,2,Adult Female Learners
U02443,22,21-30,Female,1,1,0,Young Female Learners
U02444,28,21-30,Female,1,1,0,Young Female Learners
U02445,26,21-30,Female,1,1,0,Young Female Learners
U02446,29,21-30,Male,0,1,2,Adult Female Learners
U02447,31,31-40,Female,1,2,3,Adult Male Learners
U02448,17,15-20,Male,0,0,1,Young Male Learners
U02449,32,31-40,Male,0,2,3,Adult Male Learners
U02450,30,21-30,Female,1,1,0,Young Female Learners
U02451,31,31-40,Male,0,2,3,Adult Male Learners
U02452,23,21-30,Female,1,1,0,Young Female Learners
U02453,29,21-30,Female,1,1,0,Young Female Learners
U02454,28,21-30,Male,0,1,2,Adult Female Learners
U02455,34,31-40,Male,0,2,3,Adult Male Learners
U02456,35,31-40,Male,0,2,3,Adult Male Learners
U02457,31,31-40,Female,1,2,3,Adult Male Learners
U02458,26,21-30,Female,1,1,0,Young Female Learners
U02459,33,31-40,Male,0,2,3,Adult Male Learners
U02460,21,21-30,Female,1,1,0,Young Female Learners
U02461,15,15-20,Female,1,0,1,Young Male Learners
U02462,26,21-30,Male,0,1,2,Adult Female Learners
U02463,29,21-30,Male,0,1,2,Adult Female Learners
U02464,21,21-30,Female,1,1,0,Young Female Learners
U02465,27,21-30,Male,0,1,2,Adult Female Learners
U02466,23,21-30,Male,0,1,2,Adult Female Learners
U02467,19,15-20,Male,0,0,1,Young Male Learners
U02468,29,21-30,Female,1,1,0,Young Female Learners
U02469,21,21-30,Male,0,1,2,Adult Female Learners
U02470,34,31-40,Male,0,2,3,Adult Male Learners
U02471,16,15-20,Female,1,0,1,Young Male Learners
U02472,17,15-20,Male,0,0,1,Young Male Learners
U02473,31,31-40,Female,1,2,3,Adult Male Learners
U02474,27,21-30,Male,0,1,2,Adult Female Learners
U02475,35,31-40,Male,0,2,3,Adult Male Learners
U02476,34,31-40,Female,1,2,3,Adult Male Learners
U02477,17,15-20,Male,0,0,1,Young Male Learners
U02478,30,21-30,Male,0,1,2,Adult Female Learners
U02479,19,15-20,Female,1,0,1,Young Male Learners
U02480,35,31-40,Male,0,2,3,Adult Male Learners
U02481,29,21-30,Male,0,1,2,Adult Female Learners
U02482,35,31-40,Male,0,2,3,Adult Male Learners
U02483,25,21-30,Male,0,1,2,Adult Female Learners
U02484,25,21-30,Female,1,1,0,Young Female Learners
U02485,22,21-30,Male,0,1,2,Adult Female Learners
U02486,29,21-30,Male,0,1,2,Adult Female Learners
U02487,23,21-30,Male,0,1,2,Adult Female Learners
U02488,27,21-30,Female,1,1,0,Young Female Learners
U02489,18,15-20,Male,0,0,1,Young Male Learners
U02490,24,21-30,Female,1,1,0,Young Female Learners
U02491,17,15-20,Female,1,0,1,Young Male Learners
U02492,19,15-20,Male,0,0,1,Young Male Learners
U02493,22,21-30,Female,1,1,0,Young Female Learners
U02494,32,31-40,Male,0,2,3,Adult Male Learners
U02495,28,21-30,Male,0,1,2,Adult Female Learners
U02496,33,31-40,Female,1,2,3,Adult Male Learners
U02497,26,21-30,Female,1,1,0,Young Female Learners
U02498,20,15-20,Female,1,0,1,Young Male Learners
U02499,28,21-30,Male,0,1,2,Adult Female Learners
U02500,29,21-30,Male,0,1,2,Adult Female Learners
U02501,16,15-20,Female,1,0,1,Young Male Learners
U02502,16,15-20,Female,1,0,1,Young Male Learners
U02503,16,15-20,Female,1,0,1,Young Male Learners
U02504,34,31-40,Female,1,2,3,Adult Male Learners
U02505,35,31-40,Female,1,2,3,Adult Male Learners
U02506,16,15-20,Female,1,0,1,Young Male Learners
U02507,32,31-40,Female,1,2,3,Adult Male Learners
U02508,32,31-40,Male,0,2,3,Adult Male Learners
U02509,24,21-30,Male,0,1,2,Adult Female Learners
U02510,23,21-30,Male,0,1,2,Adult Female Learners
U02511,30,21-30,Female,1,1,0,Young Female Learners
U02512,15,15-20,Female,1,0,1,Young Male Learners
U02513,23,21-30,Male,0,1,2,Adult Female Learners
U02514,17,15-20,Male,0,0,1,Young Male Learners
U02515,15,15-20,Male,0,0,1,Young Male Learners
U02516,32,31-40,Male,0,2,3,Adult Male Learners
U02517,30,21-30,Female,1,1,0,Young Female Learners
U02518,19,15-20,Female,1,0,1,Young Male Learners
U02519,29,21-30,Male,0,1,2,Adult Female Learners
U02520,29,21-30,Male,0,1,2,Adult Female Learners
U02521,25,21-30,Male,0,1,2,Adult Female Learners
U02522,21,21-30,Female,1,1,0,Young Female Learners
U02523,31,31-40,Male,0,2,3,Adult Male Learners
U02524,32,31-40,Male,0,2,3,Adult Male Learners
U02525,25,21-30,Male,0,1,2,Adult Female Learners
U02526,30,21-30,Female,1,1,0,Young Female Learners
U02527,32,31-40,Female,1,2,3,Adult Male Learners
U02528,35,31-40,Male,0,2,3,Adult Male Learners
U02529,17,15-20,Female,1,0,1,Young Male Learners
U02530,21,21-30,Male,0,1,2,Adult Female Learners
U02531,22,21-30,Female,1,1,0,Young Female Learners
U02532,26,21-30,Male,0,1,2,Adult Female Learners
U02533,18,15-20,Female,1,0,1,Young Male Learners
U02534,25,21-30,Female,1,1,0,Young Female Learners
U02535,26,21-30,Female,1,1,0,Young Female Learners
U02536,16,15-20,Male,0,0,1,Young Male Learners
U02537,31,31-40,Female,1,2,3,Adult Male Learners
U02538,18,15-20,Male,0,0,1,Young Male Learners
U02539,20,15-20,Female,1,0,1,Young Male Learners
U02540,33,31-40,Female,1,2,3,Adult Male Learners
U02541,18,15-20,Female,1,0,1,Young Male Learners
U02542,35,31-40,Female,1,2,3,Adult Male Learners
U02543,28,21-30,Male,0,1,2,Adult Female Learners
U02544,29,21-30,Male,0,1,2,Adult Female Learners
U02545,16,15-20,Female,1,0,1,Young Male Learners
U02546,27,21-30,Female,1,1,0,Young Female Learners
U02547,30,21-30,Female,1,1,0,Young Female Learners
U02548,25,21-30,Male,0,1,2,Adult Female Learners
U02549,27,21-30,Male,0,1,2,Adult Female Learners
U02550,18,15-20,Male,0,0,1,Young Male Learners
U02551,25,21-30,Male,0,1,2,Adult Female Learners
U02552,27,21-30,Male,0,1,2,Adult Female Learners
U02553,35,31-40,Female,1,2,3,Adult Male Learners
U02554,32,31-40,Male,0,2,3,Adult Male Learners
U02555,15,15-20,Male,0,0,1,Young Male Learners
U02556,18,15-20,Female,1,0,1,Young Male Learners
U02557,25,21-30,Female,1,1,0,Young Female Learners
U02558,23,21-30,Female,1,1,0,Young Female Learners
U02559,33,31-40,Female,1,2,3,Adult Male Learners
U02560,22,21-30,Male,0,1,2,Adult Female Learners
U02561,33,31-40,Male,0,2,3,Adult Male Learners
U02562,18,15-20,Male,0,0,1,Young Male Learners
U02563,27,21-30,Male,0,1,2,Adult Female Learners
U02564,19,15-20,Female,1,0,1,Young Male Learners
U02565,32,31-40,Male,0,2,3,Adult Male Learners
U02566,30,21-30,Female,1,1,0,Young Female Learners
U02567,35,31-40,Male,0,2,3,Adult Male Learners
U02568,33,31-40,Female,1,2,3,Adult Male Learners
U02569,35,31-40,Female,1,2,3,Adult Male Learners
U02570,25,21-30,Female,1,1,0,Young Female Learners
U02571,20,15-20,Female,1,0,1,Young Male Learners
U02572,33,31-40,Female,1,2,3,Adult Male Learners
U02573,28,21-30,Female,1,1,0,Young Female Learners
U02574,24,21-30,Male,0,1,2,Adult Female Learners
U02575,30,21-30,Female,1,1,0,Young Female Learners
U02576,17,15-20,Female,1,0,1,Young Male Learners
U02577,21,21-30,Female,1,1,0,Young Female Learners
U02578,15,15-20,Male,0,0,1,Young Male Learners
U02579,28,21-30,Female,1,1,0,Young Female Learners
U02580,17,15-20,Female,1,0,1,Young Male Learners
U02581,22,21-30,Female,1,1,0,Young Female Learners
U02582,23,21-30,Male,0,1,2,Adult Female Learners
U02583,33,31-40,Male,0,2,3,Adult Male Learners
U02584,20,15-20,Male,0,0,1,Young Male Learners
U02585,32,31-40,Male,0,2,3,Adult Male Learners
U02586,23,21-30,Male,0,1,2,Adult Female Learners
U02587,30,21-30,Male,0,1,2,Adult Female Learners
U02588,18,15-20,Male,0,0,1,Young Male Learners
U02589,26,21-30,Female,1,1,0,Young Female Learners
U02590,20,15-20,Male,0,0,1,Young Male Learners
U02591,33,31-40,Male,0,2,3,Adult Male Learners
U02592,15,15-20,Male,0,0,1,Young Male Learners
U02593,16,15-20,Male,0,0,1,Young Male Learners
U02594,18,15-20,Female,1,0,1,Young Male Learners
U02595,17,15-20,Male,0,0,1,Young Male Learners
U02596,19,15-20,Female,1,0,1,Young Male Learners
U02597,17,15-20,Female,1,0,1,Young Male Learners
U02598,25,21-30,Female,1,1,0,Young Female Learners
U02599,33,31-40,Female,1,2,3,Adult Male Learners
U02600,17,15-20,Male,0,0,1,Young Male Learners
U02601,19,15-20,Female,1,0,1,Young Male Learners
U02602,33,31-40,Male,0,2,3,Adult Male Learners
U02603,31,31-40,Female,1,2,3,Adult Male Learners
U02604,16,15-20,Male,0,0,1,Young Male Learners
U02605,22,21-30,Male,0,1,2,Adult Female Learners
U02606,24,21-30,Male,0,1,2,Adult Female Learners
U02607,22,21-30,Male,0,1,2,Adult Female Learners
U02608,30,21-30,Male,0,1,2,Adult Female Learners
U02609,15,15-20,Male,0,0,1,Young Male Learners
U02610,19,15-20,Male,0,0,1,Young Male Learners
U02611,17,15-20,Female,1,0,1,Young Male Learners
U02612,22,21-30,Male,0,1,2,Adult Female Learners
U02613,23,21-30,Female,1,1,0,Young Female Learners
U02614,30,21-30,Female,1,1,0,Young Female Learners
U02615,33,31-40,Male,0,2,3,Adult Male Learners
U02616,19,15-20,Female,1,0,1,Young Male Learners
U02617,23,21-30,Female,1,1,0,Young Female Learners
U02618,23,21-30,Male,0,1,2,Adult Female Learners
U02619,24,21-30,Female,1,1,0,Young Female Learners
U02620,30,21-30,Female,1,1,0,Young Female Learners
U02621,34,31-40,Female,1,2,3,Adult Male Learners
U02622,32,31-40,Female,1,2,3,Adult Male Learners
U02623,32,31-40,Female,1,2,3,Adult Male Learners
U02624,16,15-20,Female,1,0,1,Young Male Learners
U02625,22,21-30,Female,1,1,0,Young Female Learners
U02626,21,21-30,Female,1,1,0,Young Female Learners
U02627,26,21-30,Female,1,1,0,Young Female Learners
U02628,33,31-40,Female,1,2,3,Adult Male Learners
U02629,35,31-40,Female,1,2,3,Adult Male Learners
U02630,20,15-20,Male,0,0,1,Young Male Learners
U02631,23,21-30,Male,0,1,2,Adult Female Learners
U02632,22,21-30,Female,1,1,0,Young Female Learners
U02633,19,15-20,Female,1,0,1,Young Male Learners
U02634,29,21-30,Female,1,1,0,Young Female Learners
U02635,16,15-20,Male,0,0,1,Young Male Learners
U02636,20,15-20,Male,0,0,1,Young Male Learners
U02637,28,21-30,Male,0,1,2,Adult Female Learners
U02638,31,31-40,Female,1,2,3,Adult Male Learners
U02639,22,21-30,Female,1,1,0,Young Female Learners
U02640,34,31-40,Female,1,2,3,Adult Male Learners
U02641,30,21-30,Male,0,1,2,Adult Female Learners
U02642,33,31-40,Male,0,2,3,Adult Male Learners
U02643,17,15-20,Female,1,0,1,Young Male Learners
U02644,23,21-30,Male,0,1,2,Adult Female Learners
U02645,26,21-30,Female,1,1,0,Young Female Learners
U02646,26,21-30,Male,0,1,2,Adult Female Learners
U02647,20,15-20,Female,1,0,1,Young Male Learners
U02648,28,21-30,Female,1,1,0,Young Female Learners
U02649,34,31-40,Female,1,2,3,Adult Male Learners
U02650,29,21-30,Female,1,1,0,Young Female Learners
U02651,16,15-20,Female,1,0,1,Young Male Learners
U02652,15,15-20,Male,0,0,1,Young Male Learners
U02653,34,31-40,Male,0,2,3,Adult Male Learners
U02654,27,21-30,Male,0,1,2,Adult Female Learners
U02655,32,31-40,Male,0,2,3,Adult Male Learners
U02656,34,31-40,Female,1,2,3,Adult Male Learners
U02657,31,31-40,Male,0,2,3,Adult Male Learners
U02658,30,21-30,Male,0,1,2,Adult Female Learners
U02659,17,15-20,Male,0,0,1,Young Male Learners
U02660,31,31-40,Female,1,2,3,Adult Male Learners
U02661,27,21-30,Male,0,1,2,Adult Female Learners
U02662,32,31-40,Male,0,2,3,Adult Male Learners
U02663,27,21-30,Female,1,1,0,Young Female Learners
U02664,22,21-30,Female,1,1,0,Young Female Learners
U02665,21,21-30,Female,1,1,0,Young Female Learners
U02666,19,15-20,Male,0,0,1,Young Male Learners
U02667,22,21-30,Female,1,1,0,Young Female Learners
U02668,26,21-30,Male,0,1,2,Adult Female Learners
U02669,25,21-30,Male,0,1,2,Adult Female Learners
U02670,25,21-30,Female,1,1,0,Young Female Learners
U02671,15,15-20,Female,1,0,1,Young Male Learners
U02672,32,31-40,Male,0,2,3,Adult Male Learners
U02673,19,15-20,Female,1,0,1,Young Male Learners
U02674,28,21-30,Female,1,1,0,Young Female Learners
U02675,34,31-40,Female,1,2,3,Adult Male Learners
U02676,15,15-20,Male,0,0,1,Young Male Learners
U02677,33,31-40,Male,0,2,3,Adult Male Learners
U02678,19,15-20,Female,1,0,1,Young Male Learners
U02679,18,15-20,Male,0,0,1,Young Male Learners
U02680,19,15-20,Female,1,0,1,Young Male Learners
U02681,33,31-40,Male,0,2,3,Adult Male Learners
U02682,35,31-40,Female,1,2,3,Adult Male Learners
U02683,28,21-30,Male,0,1,2,Adult Female Learners
U02684,28,21-30,Male,0,1,2,Adult Female Learners
U02685,27,21-30,Female,1,1,0,Young Female Learners
U02686,19,15-20,Female,1,0,1,Young Male Learners
U02687,34,31-40,Male,0,2,3,Adult Male Learners
U02688,26,21-30,Female,1,1,0,Young Female Learners
U02689,27,21-30,Male,0,1,2,Adult Female Learners
U02690,24,21-30,Male,0,1,2,Adult Female Learners
U02691,19,15-20,Female,1,0,1,Young Male Learners
U02692,23,21-30,Male,0,1,2,Adult Female Learners
U02693,19,15-20,Male,0,0,1,Young Male Learners
U02694,30,21-30,Female,1,1,0,Young Female Learners
U02695,30,21-30,Male,0,1,2,Adult Female Learners
U02696,25,21-30,Female,1,1,0,Young Female Learners
U02697,22,21-30,Female,1,1,0,Young Female Learners
U02698,18,15-20,Female,1,0,1,Young Male Learners
U02699,16,15-20,Female,1,0,1,Young Male Learners
U02700,18,15-20,Female,1,0,1,Young Male Learners
U02701,23,21-30,Female,1,1,0,Young Female Learners
U02702,15,15-20,Male,0,0,1,Young Male Learners
U02703,30,21-30,Male,0,1,2,Adult Female Learners
U02704,23,21-30,Female,1,1,0,Young Female Learners
U02705,31,31-40,Male,0,2,3,Adult Male Learners
U02706,21,21-30,Female,1,1,0,Young Female Learners
U02707,19,15-20,Female,1,0,1,Young Male Learners
U02708,25,21-30,Male,0,1,2,Adult Female Learners
U02709,19,15-20,Female,1,0,1,Young Male Learners
U02710,23,21-30,Female,1,1,0,Young Female Learners
U02711,20,15-20,Male,0,0,1,Young Male Learners
U02712,34,31-40,Female,1,2,3,Adult Male Learners
U02713,32,31-40,Female,1,2,3,Adult Male Learners
U02714,17,15-20,Male,0,0,1,Young Male Learners
U02715,22,21-30,Male,0,1,2,Adult Female Learners
U02716,27,21-30,Female,1,1,0,Young Female Learners
U02717,31,31-40,Male,0,2,3,Adult Male Learners
U02718,27,21-30,Male,0,1,2,Adult Female Learners
U02719,29,21-30,Male,0,1,2,Adult Female Learners
U02720,22,21-30,Male,0,1,2,Adult Female Learners
U02721,26,21-30,Male,0,1,2,Adult Female Learners
U02722,23,21-30,Female,1,1,0,Young Female Learners
U02723,25,21-30,Female,1,1,0,Young Female Learners
U02724,35,31-40,Male,0,2,3,Adult Male Learners
U02725,23,21-30,Male,0,1,2,Adult Female Learners
U02726,25,21-30,Female,1,1,0,Young Female Learners
U02727,34,31-40,Male,0,2,3,Adult Male Learners
U02728,33,31-40,Female,1,2,3,Adult Male Learners
U02729,20,15-20,Male,0,0,1,Young Male Learners
U02730,27,21-30,Female,1,1,0,Young Female Learners
U02731,26,21-30,Male,0,1,2,Adult Female Learners
U02732,26,21-30,Male,0,1,2,Adult Female Learners
U02733,31,31-40,Male,0,2,3,Adult Male Learners
U02734,15,15-20,Female,1,0,1,Young Male Learners
U02735,34,31-40,Female,1,2,3,Adult Male Learners
U02736,15,15-20,Male,0,0,1,Young Male Learners
U02737,23,21-30,Male,0,1,2,Adult Female Learners
U02738,16,15-20,Female,1,0,1,Young Male Learners
U02739,15,15-20,Female,1,0,1,Young Male Learners
U02740,31,31-40,Male,0,2,3,Adult Male Learners
U02741,18,15-20,Male,0,0,1,Young Male Learners
U02742,25,21-30,Female,1,1,0,Young Female Learners
U02743,33,31-40,Male,0,2,3,Adult Male Learners
U02744,24,21-30,Female,1,1,0,Young Female Learners
U02745,18,15-20,Female,1,0,1,Young Male Learners
U02746,28,21-30,Male,0,1,2,Adult Female Learners
U02747,30,21-30,Male,0,1,2,Adult Female Learners
U02748,27,21-30,Female,1,1,0,Young Female Learners
U02749,30,21-30,Male,0,1,2,Adult Female Learners
U02750,23,21-30,Female,1,1,0,Young Female Learners
U02751,24,21-30,Female,1,1,0,Young Female Learners
U02752,32,31-40,Female,1,2,3,Adult Male Learners
U02753,26,21-30,Female,1,1,0,Young Female Learners
U02754,34,31-40,Male,0,2,3,Adult Male Learners
U02755,30,21-30,Female,1,1,0,Young Female Learners
U02756,32,31-40,Female,1,2,3,Adult Male Learners
U02757,16,15-20,Male,0,0,1,Young Male Learners
U02758,25,21-30,Female,1,1,0,Young Female Learners
U02759,20,15-20,Female,1,0,1,Young Male Learners
U02760,31,31-40,Male,0,2,3,Adult Male Learners
U02761,31,31-40,Female,1,2,3,Adult Male Learners
U02762,21,21-30,Female,1,1,0,Young Female Learners
U02763,28,21-30,Male,0,1,2,Adult Female Learners
U02764,32,31-40,Male,0,2,3,Adult Male Learners
U02765,21,21-30,Male,0,1,2,Adult Female Learners
U02766,19,15-20,Male,0,0,1,Young Male Learners
U02767,31,31-40,Male,0,2,3,Adult Male Learners
U02768,34,31-40,Female,1,2,3,Adult Male Learners
U02769,19,15-20,Male,0,0,1,Young Male Learners
U02770,31,31-40,Male,0,2,3,Adult Male Learners
U02771,18,15-20,Female,1,0,1,Young Male Learners
U02772,31,31-40,Male,0,2,3,Adult Male Learners
U02773,26,21-30,Male,0,1,2,Adult Female Learners
U02774,19,15-20,Male,0,0,1,Young Male Learners
U02775,24,21-30,Female,1,1,0,Young Female Learners
U02776,20,15-20,Female,1,0,1,Young Male Learners
U02777,27,21-30,Male,0,1,2,Adult Female Learners
U02778,29,21-30,Male,0,1,2,Adult Female Learners
U02779,19,15-20,Female,1,0,1,Young Male Learners
U02780,26,21-30,Female,1,1,0,Young Female Learners
U02781,24,21-30,Female,1,1,0,Young Female Learners
U02782,25,21-30,Male,0,1,2,Adult Female Learners
U02783,30,21-30,Female,1,1,0,Young Female Learners
U02784,23,21-30,Male,0,1,2,Adult Female Learners
U02785,25,21-30,Female,1,1,0,Young Female Learners
U02786,25,21-30,Male,0,1,2,Adult Female Learners
U02787,21,21-30,Male,0,1,2,Adult Female Learners
U02788,20,15-20,Female,1,0,1,Young Male Learners
U02789,21,21-30,Male,0,1,2,Adult Female Learners
U02790,25,21-30,Male,0,1,2,Adult Female Learners
U02791,27,21-30,Male,0,1,2,Adult Female Learners
U02792,27,21-30,Female,1,1,0,Young Female Learners
U02793,22,21-30,Female,1,1,0,Young Female Learners
U02794,33,31-40,Female,1,2,3,Adult Male Learners
U02795,31,31-40,Male,0,2,3,Adult Male Learners
U02796,33,31-40,Male,0,2,3,Adult Male Learners
U02797,34,31-40,Male,0,2,3,Adult Male Learners
U02798,28,21-30,Female,1,1,0,Young Female Learners
U02799,17,15-20,Male,0,0,1,Young Male Learners
U02800,34,31-40,Male,0,2,3,Adult Male Learners
U02801,15,15-20,Female,1,0,1,Young Male Learners
U02802,15,15-20,Female,1,0,1,Young Male Learners
U02803,26,21-30,Male,0,1,2,Adult Female Learners
U02804,24,21-30,Male,0,1,2,Adult Female Learners
U02805,16,15-20,Male,0,0,1,Young Male Learners
U02806,28,21-30,Male,0,1,2,Adult Female Learners
U02807,18,15-20,Female,1,0,1,Young Male Learners
U02808,35,31-40,Male,0,2,3,Adult Male Learners
U02809,32,31-40,Male,0,2,3,Adult Male Learners
U02810,18,15-20,Female,1,0,1,Young Male Learners
U02811,21,21-30,Male,0,1,2,Adult Female Learners
U02812,17,15-20,Male,0,0,1,Young Male Learners
U02813,27,21-30,Male,0,1,2,Adult Female Learners
U02814,27,21-30,Female,1,1,0,Young Female Learners
U02815,15,15-20,Female,1,0,1,Young Male Learners
U02816,25,21-30,Male,0,1,2,Adult Female Learners
U02817,33,31-40,Male,0,2,3,Adult Male Learners
U02818,32,31-40,Male,0,2,3,Adult Male Learners
U02819,20,15-20,Female,1,0,1,Young Male Learners
U02820,30,21-30,Male,0,1,2,Adult Female Learners
U02821,27,21-30,Male,0,1,2,Adult Female Learners
U02822,15,15-20,Male,0,0,1,Young Male Learners
U02823,31,31-40,Male,0,2,3,Adult Male Learners
U02824,28,21-30,Female,1,1,0,Young Female Learners
U02825,34,31-40,Male,0,2,3,Adult Male Learners
U02826,25,21-30,Male,0,1,2,Adult Female Learners
U02827,17,15-20,Male,0,0,1,Young Male Learners
U02828,32,31-40,Female,1,2,3,Adult Male Learners
U02829,19,15-20,Female,1,0,1,Young Male Learners
U02830,34,31-40,Female,1,2,3,Adult Male Learners
U02831,22,21-30,Female,1,1,0,Young Female Learners
U02832,31,31-40,Male,0,2,3,Adult Male Learners
U02833,21,21-30,Female,1,1,0,Young Female Learners
U02834,17,15-20,Male,0,0,1,Young Male Learners
U02835,31,31-40,Male,0,2,3,Adult Male Learners
U02836,17,15-20,Female,1,0,1,Young Male Learners
U02837,31,31-40,Male,0,2,3,Adult Male Learners
U02838,35,31-40,Male,0,2,3,Adult Male Learners
U02839,18,15-20,Female,1,0,1,Young Male Learners
U02840,29,21-30,Female,1,1,0,Young Female Learners
U02841,27,21-30,Female,1,1,0,Young Female Learners
U02842,20,15-20,Female,1,0,1,Young Male Learners
U02843,26,21-30,Male,0,1,2,Adult Female Learners
U02844,21,21-30,Female,1,1,0,Young Female Learners
U02845,22,21-30,Male,0,1,2,Adult Female Learners
U02846,29,21-30,Female,1,1,0,Young Female Learners
U02847,27,21-30,Male,0,1,2,Adult Female Learners
U02848,23,21-30,Male,0,1,2,Adult Female Learners
U02849,31,31-40,Female,1,2,3,Adult Male Learners
U02850,25,21-30,Female,1,1,0,Young Female Learners
U02851,30,21-30,Male,0,1,2,Adult Female Learners
U02852,23,21-30,Male,0,1,2,Adult Female Learners
U02853,25,21-30,Male,0,1,2,Adult Female Learners
U02854,28,21-30,Male,0,1,2,Adult Female Learners
U02855,18,15-20,Female,1,0,1,Young Male Learners
U02856,19,15-20,Female,1,0,1,Young Male Learners
U02857,35,31-40,Male,0,2,3,Adult Male Learners
U02858,16,15-20,Female,1,0,1,Young Male Learners
U02859,26,21-30,Female,1,1,0,Young Female Learners
U02860,17,15-20,Male,0,0,1,Young Male Learners
U02861,29,21-30,Male,0,1,2,Adult Female Learners
U02862,27,21-30,Male,0,1,2,Adult Female Learners
U02863,29,21-30,Male,0,1,2,Adult Female Learners
U02864,25,21-30,Female,1,1,0,Young Female Learners
U02865,35,31-40,Female,1,2,3,Adult Male Learners
U02866,20,15-20,Male,0,0,1,Young Male Learners
U02867,19,15-20,Male,0,0,1,Young Male Learners
U02868,25,21-30,Male,0,1,2,Adult Female Learners
U02869,26,21-30,Female,1,1,0,Young Female Learners
U02870,27,21-30,Male,0,1,2,Adult Female Learners
U02871,19,15-20,Female,1,0,1,Young Male Learners
U02872,21,21-30,Female,1,1,0,Young Female Learners
U02873,33,31-40,Female,1,2,3,Adult Male Learners
U02874,32,31-40,Male,0,2,3,Adult Male Learners
U02875,27,21-30,Female,1,1,0,Young Female Learners
U02876,24,21-30,Female,1,1,0,Young Female Learners
U02877,28,21-30,Male,0,1,2,Adult Female Learners
U02878,23,21-30,Male,0,1,2,Adult Female Learners
U02879,16,15-20,Female,1,0,1,Young Male Learners
U02880,21,21-30,Female,1,1,0,Young Female Learners
U02881,27,21-30,Male,0,1,2,Adult Female Learners
U02882,33,31-40,Female,1,2,3,Adult Male Learners
U02883,16,15-20,Female,1,0,1,Young Male Learners
U02884,31,31-40,Female,1,2,3,Adult Male Learners
U02885,22,21-30,Male,0,1,2,Adult Female Learners
U02886,35,31-40,Male,0,2,3,Adult Male Learners
U02887,30,21-30,Male,0,1,2,Adult Female Learners
U02888,20,15-20,Male,0,0,1,Young Male Learners
U02889,28,21-30,Female,1,1,0,Young Female Learners
U02890,18,15-20,Male,0,0,1,Young Male Learners
U02891,27,21-30,Female,1,1,0,Young Female Learners
U02892,26,21-30,Female,1,1,0,Young Female Learners
U02893,22,21-30,Male,0,1,2,Adult Female Learners
U02894,15,15-20,Female,1,0,1,Young Male Learners
U02895,21,21-30,Female,1,1,0,Young Female Learners
U02896,30,21-30,Male,0,1,2,Adult Female Learners
U02897,27,21-30,Male,0,1,2,Adult Female Learners
U02898,22,21-30,Female,1,1,0,Young Female Learners
U02899,28,21-30,Female,1,1,0,Young Female Learners
U02900,35,31-40,Male,0,2,3,Adult Male Learners
U02901,30,21-30,Male,0,1,2,Adult Female Learners
U02902,27,21-30,Male,0,1,2,Adult Female Learners
U02903,27,21-30,Male,0,1,2,Adult Female Learners
U02904,18,15-20,Male,0,0,1,Young Male Learners
U02905,27,21-30,Female,1,1,0,Young Female Learners
U02906,24,21-30,Male,0,1,2,Adult Female Learners
U02907,17,15-20,Female,1,0,1,Young Male Learners
U02908,34,31-40,Male,0,2,3,Adult Male Learners
U02909,19,15-20,Female,1,0,1,Young Male Learners
U02910,35,31-40,Female,1,2,3,Adult Male Learners
U02911,34,31-40,Female,1,2,3,Adult Male Learners
U02912,27,21-30,Male,0,1,2,Adult Female Learners
U02913,22,21-30,Female,1,1,0,Young Female Learners
U02914,31,31-40,Female,1,2,3,Adult Male Learners
U02915,33,31-40,Female,1,2,3,Adult Male Learners
U02916,20,15-20,Male,0,0,1,Young Male Learners
U02917,32,31-40,Female,1,2,3,Adult Male Learners
U02918,19,15-20,Female,1,0,1,Young Male Learners
U02919,25,21-30,Male,0,1,2,Adult Female Learners
U02920,17,15-20,Male,0,0,1,Young Male Learners
U02921,16,15-20,Female,1,0,1,Young Male Learners
U02922,25,21-30,Male,0,1,2,Adult Female Learners
U02923,27,21-30,Male,0,1,2,Adult Female Learners
U02924,21,21-30,Female,1,1,0,Young Female Learners
U02925,18,15-20,Female,1,0,1,Young Male Learners
U02926,24,21-30,Male,0,1,2,Adult Female Learners
U02927,20,15-20,Male,0,0,1,Young Male Learners
U02928,26,21-30,Male,0,1,2,Adult Female Learners
U02929,16,15-20,Female,1,0,1,Young Male Learners
U02930,26,21-30,Female,1,1,0,Young Female Learners
U02931,28,21-30,Female,1,1,0,Young Female Learners
U02932,17,15-20,Female,1,0,1,Young Male Learners
U02933,34,31-40,Male,0,2,3,Adult Male Learners
U02934,29,21-30,Female,1,1,0,Young Female Learners
U02935,25,21-30,Female,1,1,0,Young Female Learners
U02936,35,31-40,Female,1,2,3,Adult Male Learners
U02937,23,21-30,Male,0,1,2,Adult Female Learners
U02938,28,21-30,Male,0,1,2,Adult Female Learners
U02939,18,15-20,Female,1,0,1,Young Male Learners
U02940,18,15-20,Female,1,0,1,Young Male Learners
U02941,22,21-30,Male,0,1,2,Adult Female Learners
U02942,18,15-20,Male,0,0,1,Young Male Learners
U02943,19,15-20,Female,1,0,1,Young Male Learners
U02944,23,21-30,Female,1,1,0,Young Female Learners
U02945,23,21-30,Female,1,1,0,Young Female Learners
U02946,18,15-20,Female,1,0,1,Young Male Learners
U02947,18,15-20,Female,1,0,1,Young Male Learners
U02948,33,31-40,Male,0,2,3,Adult Male Learners
U02949,17,15-20,Female,1,0,1,Young Male Learners
U02950,35,31-40,Male,0,2,3,Adult Male Learners
U02951,28,21-30,Male,0,1,2,Adult Female Learners
U02952,32,31-40,Male,0,2,3,Adult Male Learners
U02953,21,21-30,Male,0,1,2,Adult Female Learners
U02954,35,31-40,Female,1,2,3,Adult Male Learners
U02955,25,21-30,Male,0,1,2,Adult Female Learners
U02956,18,15-20,Male,0,0,1,Young Male Learners
U02957,31,31-40,Male,0,2,3,Adult Male Learners
U02958,33,31-40,Male,0,2,3,Adult Male Learners
U02959,29,21-30,Male,0,1,2,Adult Female Learners
U02960,24,21-30,Male,0,1,2,Adult Female Learners
U02961,25,21-30,Female,1,1,0,Young Female Learners
U02962,23,21-30,Male,0,1,2,Adult Female Learners
U02963,18,15-20,Female,1,0,1,Young Male Learners
U02964,33,31-40,Male,0,2,3,Adult Male Learners
U02965,16,15-20,Male,0,0,1,Young Male Learners
U02966,26,21-30,Female,1,1,0,Young Female Learners
U02967,21,21-30,Male,0,1,2,Adult Female Learners
U02968,34,31-40,Female,1,2,3,Adult Male Learners
U02969,18,15-20,Female,1,0,1,Young Male Learners
U02970,34,31-40,Male,0,2,3,Adult Male Learners
U02971,20,15-20,Female,1,0,1,Young Male Learners
U02972,35,31-40,Male,0,2,3,Adult Male Learners
U02973,28,21-30,Female,1,1,0,Young Female Learners
U02974,31,31-40,Female,1,2,3,Adult Male Learners
U02975,22,21-30,Male,0,1,2,Adult Female Learners
U02976,28,21-30,Female,1,1,0,Young Female Learners
U02977,33,31-40,Male,0,2,3,Adult Male Learners
U02978,18,15-20,Female,1,0,1,Young Male Learners
U02979,26,21-30,Male,0,1,2,Adult Female Learners
U02980,27,21-30,Male,0,1,2,Adult Female Learners
U02981,23,21-30,Male,0,1,2,Adult Female Learners
U02982,20,15-20,Female,1,0,1,Young Male Learners
U02983,35,31-40,Female,1,2,3,Adult Male Learners
U02984,35,31-40,Female,1,2,3,Adult Male Learners
U02985,35,31-40,Male,0,2,3,Adult Male Learners
U02986,16,15-20,Male,0,0,1,Young Male Learners
U02987,26,21-30,Male,0,1,2,Adult Female Learners
U02988,17,15-20,Male,0,0,1,Young Male Learners
U02989,22,21-30,Male,0,1,2,Adult Female Learners
U02990,22,21-30,Male,0,1,2,Adult Female Learners
U02991,27,21-30,Female,1,1,0,Young Female Learners
U02992,24,21-30,Female,1,1,0,Young Female Learners
U02993,20,15-20,Female,1,0,1,Young Male Learners
U02994,31,31-40,Female,1,2,3,Adult Male Learners
U02995,16,15-20,Male,0,0,1,Young Male Learners
U02996,32,31-40,Male,0,2,3,Adult Male Learners
U02997,21,21-30,Female,1,1,0,Young Female Learners
U02998,33,31-40,Male,0,2,3,Adult Male Learners
U02999,20,15-20,Male,0,0,1,Young Male Learners
U03000,15,15-20,Male,0,0,1,Young Male Learners
