UserID,CourseID,TransactionDate,Amount
U0654,C013,2026-03-09,499
U1394,C005,2025-06-09,499
U0882,C016,2025-12-11,799
U0419,C020,2026-01-25,1299
U0397,C002,2025-12-19,799
U2473,C004,2025-02-14,799
U2989,C015,2025-05-08,499
U1551,C019,2025-10-28,1299
U2575,C004,2026-01-06,799
U2365,C005,2025-03-13,499
U0188,C013,2025-08-22,499
U1186,C018,2025-08-27,1299
U0414,C002,2025-10-12,799
U1858,C004,2026-01-09,799
U0667,C016,2025-12-30,799
U0859,C003,2025-10-01,499
U2875,C016,2025-03-15,799
U2496,C001,2025-06-25,499
U2188,C009,2025-09-08,499
U0670,C018,2026-01-24,1299
U1106,C015,2025-08-13,499
U2805,C010,2025-02-27,799
U0939,C020,2025-02-02,1299
U1293,C003,2025-10-02,499
U0272,C011,2025-11-19,499
U0871,C010,2026-05-27,799
U1621,C013,2026-04-15,499
U0586,C019,2025-05-23,1299
U1011,C008,2025-09-27,799
U2395,C017,2026-02-13,1299
U1483,C018,2025-05-22,1299
U2088,C004,2025-04-04,799
U0193,C019,2025-04-23,1299
U0627,C015,2025-06-13,499
U2788,C016,2025-03-07,799
U1577,C011,2026-04-25,499
U2168,C003,2025-01-12,499
U2787,C004,2025-04-28,799
U2793,C017,2025-10-01,1299
U2626,C020,2025-04-25,1299
U1203,C012,2025-06-11,799
U1859,C006,2025-09-27,799
U2051,C016,2025-07-02,799
U2080,C002,2025-04-19,799
U2562,C005,2026-06-04,499
U2495,C006,2025-06-06,799
U1532,C002,2025-06-15,799
U2210,C001,2025-01-01,499
U2454,C002,2026-05-16,799
U0080,C001,2026-01-07,499
U1260,C001,2025-03-01,499
U0987,C005,2025-03-22,499
U0351,C006,2026-05-13,799
U0284,C019,2025-05-09,1299
U0526,C011,2026-05-02,499
U2252,C001,2025-09-29,499
U2162,C011,2026-03-10,499
U0868,C009,2025-07-25,499
U2921,C011,2026-02-13,499
U2752,C019,2026-01-18,1299
U1795,C012,2026-06-14,799
U1850,C003,2025-09-11,499
U0921,C018,2025-12-13,1299
U0087,C020,2025-08-24,1299
U2411,C015,2025-01-08,499
U0291,C007,2025-03-02,499
U0938,C015,2025-02-02,499
U1354,C008,2026-06-11,799
U0975,C012,2026-05-13,799
U0878,C011,2025-05-16,499
U2963,C016,2026-04-30,799
U0996,C009,2026-04-30,499
U1668,C019,2025-04-07,1299
U0398,C018,2026-03-18,1299
U1452,C005,2026-02-25,499
U1913,C019,2025-02-25,1299
U2759,C015,2025-04-11,499
U0249,C016,2025-12-14,799
U0448,C018,2025-07-16,1299
U0780,C016,2026-04-05,799
U0575,C009,2025-07-07,499
U1141,C020,2025-09-13,1299
U0309,C011,2025-04-11,499
U0208,C017,2025-01-16,1299
U0383,C016,2025-08-31,799
U0682,C005,2026-05-13,499
U1972,C015,2026-02-15,499
U0241,C013,2026-01-24,499
U0009,C017,2025-09-29,1299
U1864,C014,2026-03-10,799
U2854,C004,2026-05-14,799
U0635,C004,2025-10-31,799
U0892,C018,2025-03-04,1299
U1285,C004,2025-02-21,799
U2393,C002,2026-05-30,799
U2176,C015,2025-02-28,499
U2081,C011,2025-07-10,499
U0281,C002,2025-03-11,799
U2766,C015,2025-08-29,499
U1654,C009,2025-09-10,499
U2372,C009,2025-02-10,499
U2537,C001,2026-03-06,499
U2693,C008,2026-06-20,799
U1296,C012,2025-09-25,799
U0837,C003,2025-11-18,499
U0978,C008,2026-02-10,799
U0537,C007,2025-11-04,499
U1873,C014,2025-03-16,799
U0039,C012,2025-04-13,799
U0301,C014,2025-08-07,799
U2073,C007,2025-05-16,499
U1430,C017,2025-03-12,1299
U1001,C004,2025-10-19,799
U0647,C018,2025-11-06,1299
U2506,C011,2025-01-09,499
U2736,C014,2025-11-03,799
U2718,C004,2025-05-18,799
U1084,C012,2025-04-20,799
U2267,C005,2025-10-06,499
U1155,C004,2025-08-04,799
U2940,C020,2025-07-28,1299
U2816,C011,2025-09-28,499
U2071,C013,2025-09-15,499
U0209,C003,2026-03-10,499
U1134,C019,2025-01-04,1299
U1367,C004,2025-05-14,799
U2610,C006,2025-06-15,799
U1810,C016,2026-03-14,799
U2298,C014,2025-04-25,799
U0309,C017,2025-06-02,1299
U2235,C012,2026-01-14,799
U2386,C013,2025-06-01,499
U1761,C008,2025-02-12,799
U1263,C012,2025-02-10,799
U1466,C011,2025-09-13,499
U2732,C001,2025-12-29,499
U2294,C012,2026-02-21,799
U2543,C007,2025-06-08,499
U0970,C008,2025-06-16,799
U0726,C010,2026-02-27,799
U0102,C013,2025-12-07,499
U1687,C006,2025-09-12,799
U1093,C004,2025-04-21,799
U1567,C009,2025-02-09,499
U1928,C003,2025-07-24,499
U1886,C007,2025-11-09,499
U0933,C013,2025-01-25,499
U2704,C018,2026-02-13,1299
U1345,C012,2025-03-13,799
U1144,C010,2026-06-06,799
U1638,C007,2025-12-06,499
U0114,C001,2025-09-25,499
U0732,C015,2025-09-29,499
U0157,C019,2026-03-21,1299
U1416,C003,2025-11-18,499
U1788,C007,2026-06-08,499
U0474,C018,2025-07-14,1299
U1044,C011,2026-03-23,499
U0007,C001,2025-07-21,499
U1492,C006,2025-03-13,799
U2721,C006,2025-12-05,799
U2553,C012,2025-05-08,799
U2949,C008,2025-11-04,799
U2078,C017,2026-02-23,1299
U1337,C010,2025-10-30,799
U2271,C005,2025-07-16,499
U1723,C009,2026-01-24,499
U2775,C006,2025-06-28,799
U2522,C006,2025-11-05,799
U1664,C003,2025-01-01,499
U1245,C017,2025-08-04,1299
U1761,C003,2025-11-26,499
U1905,C004,2026-03-29,799
U2768,C013,2026-06-08,499
U1939,C001,2025-06-23,499
U2699,C007,2025-10-18,499
U2112,C016,2025-12-10,799
U0383,C012,2025-08-29,799
U2756,C011,2025-08-19,499
U0816,C001,2025-01-26,499
U0190,C012,2026-05-02,799
U2504,C020,2025-03-16,1299
U1866,C001,2025-07-19,499
U2943,C017,2026-01-29,1299
U2025,C016,2025-09-07,799
U0605,C007,2025-01-06,499
U0437,C001,2026-03-12,499
U0897,C007,2026-06-15,499
U1903,C001,2025-09-13,499
U0498,C020,2025-05-17,1299
U1904,C019,2025-11-21,1299
U1813,C014,2026-06-01,799
U1748,C020,2026-04-02,1299
U0652,C008,2026-05-02,799
U1844,C007,2025-09-11,499
U2612,C002,2026-06-18,799
U1985,C019,2025-09-02,1299
U1125,C014,2025-03-21,799
U2923,C009,2025-08-29,499
U1113,C011,2025-11-24,499
U2213,C013,2025-05-22,499
U0618,C005,2026-01-28,499
U2843,C006,2025-08-08,799
U0264,C004,2026-02-22,799
U1356,C018,2026-04-23,1299
U1704,C002,2025-07-31,799
U1721,C016,2025-01-21,799
U2359,C010,2026-05-04,799
U0025,C016,2025-12-27,799
U1224,C018,2026-02-04,1299
U1717,C001,2025-08-14,499
U2000,C018,2025-10-07,1299
U1786,C009,2025-01-30,499
U1593,C016,2026-02-19,799
U2967,C019,2026-04-24,1299
U0523,C017,2025-01-28,1299
U1614,C009,2025-01-28,499
U0344,C013,2026-03-15,499
U0556,C009,2026-04-18,499
U0745,C016,2025-09-24,799
U1553,C011,2025-08-05,499
U1863,C011,2025-12-12,499
U1553,C013,2026-03-08,499
U1034,C006,2025-03-25,799
U1927,C005,2025-02-23,499
U1434,C016,2025-03-12,799
U2670,C011,2025-02-01,499
U1013,C013,2025-01-21,499
U2545,C003,2025-09-02,499
U0518,C003,2025-04-28,499
U2311,C013,2025-08-12,499
U1905,C017,2025-09-20,1299
U1511,C012,2025-04-28,799
U0671,C010,2025-04-21,799
U2371,C005,2025-11-16,499
U2359,C020,2026-01-20,1299
U1625,C014,2025-07-23,799
U0312,C001,2025-09-06,499
U0418,C003,2025-11-05,499
U2803,C016,2025-05-04,799
U2319,C019,2025-02-12,1299
U1423,C002,2026-03-15,799
U2710,C002,2025-03-12,799
U2073,C003,2025-12-16,499
U0052,C004,2026-03-07,799
U2008,C014,2026-03-20,799
U1484,C014,2026-04-16,799
U2898,C004,2026-03-22,799
U0722,C020,2026-06-19,1299
U2665,C018,2026-05-11,1299
U1905,C002,2025-10-02,799
U1321,C008,2025-09-09,799
U0355,C002,2026-04-07,799
U0999,C010,2026-04-21,799
U2335,C019,2026-01-24,1299
U1378,C006,2026-05-22,799
U1332,C010,2026-05-15,799
U0869,C005,2025-09-22,499
U1395,C004,2025-10-10,799
U2277,C007,2026-06-14,499
U0783,C008,2025-09-05,799
U2950,C020,2026-05-16,1299
U2275,C015,2025-09-04,499
U2829,C003,2026-05-18,499
U1836,C019,2025-01-18,1299
U0382,C014,2025-08-15,799
U1657,C010,2025-09-07,799
U1255,C004,2026-01-13,799
U1939,C012,2025-12-19,799
U1743,C016,2025-12-05,799
U1442,C020,2026-04-10,1299
U1110,C012,2025-09-15,799
U0945,C010,2025-07-17,799
U1293,C009,2025-07-09,499
U0785,C005,2026-05-11,499
U1133,C019,2026-06-22,1299
U2445,C017,2025-04-13,1299
U0796,C007,2025-08-21,499
U1479,C017,2025-11-06,1299
U0058,C006,2025-05-10,799
U1124,C005,2025-02-25,499
U2267,C002,2025-05-10,799
U2613,C011,2026-05-18,499
U0421,C011,2025-01-13,499
U2352,C009,2026-04-26,499
U1961,C017,2025-12-15,1299
U0756,C002,2025-09-16,799
U1957,C010,2025-03-08,799
U1642,C005,2025-03-17,499
U2364,C012,2025-02-24,799
U0622,C003,2025-11-08,499
U0349,C005,2025-05-02,499
U2286,C004,2026-03-03,799
U2484,C007,2025-08-20,499
U2141,C004,2026-04-07,799
U1814,C017,2026-03-16,1299
U1251,C005,2025-03-03,499
U2498,C006,2025-04-12,799
U0852,C008,2025-08-05,799
U1084,C002,2025-03-25,799
U0644,C015,2025-06-27,499
U2261,C016,2025-06-10,799
U0011,C005,2026-04-07,499
U2824,C018,2026-04-27,1299
U1193,C016,2025-08-26,799
U1181,C003,2025-10-17,499
U2880,C012,2026-04-10,799
U0292,C018,2025-08-28,1299
U1084,C004,2025-07-22,799
U1742,C001,2025-08-19,499
U2653,C010,2025-09-30,799
U0583,C015,2025-03-03,499
U0680,C010,2025-11-11,799
U2438,C015,2025-10-23,499
U1799,C015,2026-04-25,499
U2821,C004,2026-02-17,799
U1116,C019,2026-05-21,1299
U1794,C005,2025-02-10,499
U1770,C015,2025-11-27,499
U2473,C007,2025-01-27,499
U0375,C020,2025-01-22,1299
U2754,C015,2025-10-03,499
U2361,C012,2025-06-29,799
U1928,C010,2026-03-29,799
U1140,C017,2026-03-23,1299
U2601,C007,2026-05-19,499
U0374,C010,2025-12-23,799
U1673,C002,2025-11-25,799
U2745,C010,2025-06-14,799
U1351,C015,2026-05-23,499
U1181,C008,2026-02-15,799
U2254,C009,2026-04-11,499
U0361,C001,2025-09-16,499
U1325,C020,2026-02-18,1299
U2108,C001,2025-01-02,499
U2694,C004,2026-04-19,799
U1693,C004,2025-07-12,799
U2124,C013,2026-05-26,499
U2562,C020,2025-02-22,1299
U0834,C015,2025-05-15,499
U1180,C001,2026-05-12,499
U0498,C007,2025-09-03,499
U2908,C013,2025-11-15,499
U2257,C005,2026-02-22,499
U0382,C016,2025-04-27,799
U1891,C019,2025-05-01,1299
U2654,C020,2025-06-07,1299
U2042,C001,2025-10-26,499
U2085,C013,2025-10-07,499
U1702,C007,2026-05-10,499
U1935,C003,2026-04-13,499
U2258,C007,2026-01-28,499
U0781,C001,2026-06-05,499
U0560,C006,2025-03-13,799
U1132,C008,2026-03-01,799
U1393,C007,2026-06-04,499
U1095,C019,2025-01-03,1299
U1159,C018,2025-11-02,1299
U2405,C010,2026-05-17,799
U0609,C006,2026-05-11,799
U1414,C012,2026-01-22,799
U1866,C019,2025-11-26,1299
U0773,C007,2025-09-02,499
U2343,C007,2025-08-28,499
U1683,C020,2025-11-22,1299
U1938,C017,2026-01-26,1299
U1582,C019,2025-06-05,1299
U2029,C008,2025-05-10,799
U2058,C016,2025-12-06,799
U0412,C018,2026-03-27,1299
U0409,C012,2026-04-13,799
U0063,C011,2025-05-28,499
U1680,C015,2025-06-08,499
U0307,C005,2025-09-29,499
U1387,C007,2026-02-12,499
U2662,C006,2025-12-03,799
U2763,C015,2026-01-25,499
U1298,C016,2026-05-15,799
U2217,C016,2025-03-12,799
U0962,C001,2025-10-22,499
U0932,C020,2025-04-03,1299
U1778,C019,2025-04-13,1299
U1818,C004,2025-11-03,799
U0119,C015,2025-11-29,499
U0230,C007,2026-01-03,499
U1536,C012,2025-05-30,799
U1001,C013,2026-02-26,499
U2319,C002,2025-07-04,799
U0697,C017,2025-03-22,1299
U2497,C008,2026-01-27,799
U2539,C010,2025-09-04,799
U2039,C020,2025-05-27,1299
U0952,C013,2025-09-18,499
U1883,C002,2025-01-10,799
U1906,C015,2025-10-22,499
U2776,C003,2025-06-11,499
U0303,C013,2025-12-20,499
U2407,C009,2026-03-11,499
U2828,C018,2026-04-13,1299
U1238,C008,2026-01-29,799
U1980,C007,2025-08-31,499
U1563,C011,2026-01-03,499
U2355,C011,2025-10-30,499
U0090,C010,2026-02-10,799
U1125,C001,2025-02-20,499
U2484,C006,2026-05-24,799
U1173,C001,2025-08-24,499
U2487,C018,2025-12-27,1299
U0898,C004,2025-07-14,799
U2544,C005,2025-05-21,499
U2574,C017,2025-02-10,1299
U1266,C010,2026-03-28,799
U0137,C019,2026-01-09,1299
U3000,C003,2025-04-03,499
U1209,C003,2026-03-02,499
U0720,C018,2025-05-16,1299
U2210,C012,2026-01-10,799
U2175,C019,2025-10-07,1299
U0674,C007,2026-05-09,499
U1209,C001,2025-12-13,499
U0472,C008,2025-03-19,799
U0577,C018,2025-08-20,1299
U2771,C011,2026-02-11,499
U2283,C013,2025-04-03,499
U1617,C013,2025-09-28,499
U2198,C014,2026-04-11,799
U1510,C017,2025-09-26,1299
U2395,C013,2026-01-16,499
U0444,C002,2025-08-28,799
U1932,C005,2025-12-02,499
U2499,C012,2025-03-06,799
U2603,C020,2026-04-21,1299
U2872,C008,2026-02-23,799
U0478,C006,2025-02-16,799
U0153,C002,2026-05-20,799
U0476,C003,2025-08-29,499
U2202,C015,2026-02-02,499
U1859,C009,2026-03-06,499
U2406,C016,2025-06-08,799
U1700,C010,2025-04-12,799
U2005,C007,2026-02-22,499
U1146,C018,2026-01-15,1299
U0890,C009,2026-04-01,499
U0968,C004,2026-01-07,799
U0407,C003,2026-01-12,499
U2231,C008,2026-01-03,799
U0249,C012,2025-10-10,799
U0778,C009,2026-04-11,499
U0376,C005,2025-08-06,499
U2629,C004,2025-01-22,799
U0208,C012,2025-12-08,799
U0998,C006,2025-07-30,799
U0282,C009,2025-08-01,499
U2402,C005,2025-08-27,499
U1346,C012,2025-06-01,799
U2442,C004,2025-10-11,799
U0593,C012,2025-09-14,799
U0715,C012,2025-01-27,799
U0540,C009,2026-01-02,499
U0975,C017,2025-11-28,1299
U0065,C002,2025-09-29,799
U0215,C007,2026-03-08,499
U2155,C002,2025-03-07,799
U1951,C004,2026-01-06,799
U2103,C008,2025-04-22,799
U1852,C011,2025-08-15,499
U2520,C010,2026-06-18,799
U1236,C012,2025-02-01,799
U0250,C003,2026-02-16,499
U1747,C018,2025-04-21,1299
U2009,C004,2026-03-31,799
U0302,C004,2025-03-24,799
U1320,C020,2025-06-01,1299
U0270,C002,2025-10-09,799
U2558,C005,2025-11-29,499
U1561,C002,2025-10-29,799
U1859,C001,2026-03-17,499
U0407,C013,2025-04-28,499
U2682,C009,2025-08-09,499
U1762,C005,2025-08-22,499
U1695,C001,2026-04-10,499
U1634,C007,2025-04-08,499
U1281,C006,2025-11-17,799
U2725,C002,2026-01-19,799
U0626,C010,2026-05-01,799
U0275,C016,2025-03-29,799
U0382,C019,2025-04-09,1299
U1527,C004,2025-05-14,799
U2279,C010,2025-12-04,799
U2745,C001,2026-02-25,499
U1449,C013,2026-03-10,499
U2954,C006,2025-10-22,799
U2460,C014,2025-12-27,799
U0425,C003,2026-06-04,499
U0872,C008,2026-05-09,799
U0919,C008,2025-04-21,799
U1435,C002,2026-01-12,799
U0471,C011,2025-10-13,499
U2352,C015,2026-03-16,499
U2298,C017,2025-01-27,1299
U2495,C001,2025-10-01,499
U0119,C017,2025-10-07,1299
U2879,C008,2025-11-13,799
U1392,C013,2025-01-07,499
U0744,C019,2025-05-27,1299
U2320,C011,2026-02-15,499
U0286,C013,2025-02-01,499
U0376,C018,2025-08-09,1299
U1541,C006,2026-04-10,799
U1397,C018,2026-01-14,1299
U1277,C011,2025-11-29,499
U2325,C010,2025-03-28,799
U0216,C001,2025-06-11,499
U2531,C018,2025-03-25,1299
U1115,C015,2026-03-11,499
U1990,C012,2026-03-29,799
U1697,C013,2025-08-09,499
U2099,C010,2025-12-20,799
U1761,C003,2025-10-18,499
U2778,C005,2026-05-14,499
U2159,C018,2025-11-12,1299
U0187,C017,2026-02-09,1299
U2455,C011,2025-01-08,499
U0838,C001,2025-08-05,499
U0563,C004,2025-09-19,799
U1186,C015,2025-05-03,499
U0032,C006,2026-03-17,799
U0720,C017,2026-01-25,1299
U2182,C017,2025-08-24,1299
U2050,C012,2025-12-29,799
U0296,C019,2025-02-13,1299
U1787,C002,2026-04-16,799
U0319,C018,2025-11-17,1299
U2359,C016,2026-02-19,799
U2907,C014,2026-03-04,799
U1186,C001,2026-02-19,499
U0086,C011,2025-06-25,499
U2532,C014,2026-01-06,799
U0361,C010,2025-04-19,799
U0997,C008,2026-02-15,799
U2147,C007,2026-02-10,499
U1271,C006,2025-12-14,799
U0908,C013,2025-06-22,499
U0313,C007,2025-04-27,499
U2174,C010,2025-07-18,799
U1432,C002,2025-06-01,799
U0968,C011,2025-05-30,499
U1049,C008,2025-06-27,799
U2468,C005,2025-03-19,499
U0726,C006,2026-05-21,799
U1901,C005,2026-04-05,499
U2790,C008,2025-11-27,799
U2570,C014,2025-06-04,799
U1802,C011,2026-04-26,499
U1812,C012,2025-11-07,799
U1126,C018,2025-02-27,1299
U1442,C003,2025-03-17,499
U1272,C005,2026-04-08,499
U0155,C015,2026-01-13,499
U1176,C011,2025-04-03,499
U2520,C015,2026-06-04,499
U1575,C015,2025-02-12,499
U1843,C016,2025-07-12,799
U1317,C013,2026-05-03,499
U2054,C004,2025-03-05,799
U1846,C019,2025-12-18,1299
U2926,C001,2026-06-01,499
U2647,C010,2025-02-10,799
U1015,C002,2026-03-25,799
U1800,C007,2026-06-20,499
U2498,C012,2026-01-08,799
U1528,C013,2025-10-17,499
U1587,C004,2025-12-13,799
U2781,C008,2025-02-23,799
U2585,C018,2025-12-09,1299
U0270,C010,2025-04-07,799
U2286,C017,2026-01-31,1299
U1164,C018,2025-06-03,1299
U1366,C011,2025-05-25,499
U1433,C012,2026-02-06,799
U0529,C010,2025-03-28,799
U1269,C008,2026-01-21,799
U2636,C016,2025-12-03,799
U0524,C008,2026-06-24,799
U0383,C012,2026-03-10,799
U2083,C012,2025-01-19,799
U1486,C020,2025-07-04,1299
U0878,C011,2026-05-13,499
U0787,C001,2025-05-21,499
U0635,C020,2025-10-30,1299
U0415,C014,2026-06-24,799
U0155,C001,2025-12-11,499
U2532,C020,2026-01-21,1299
U0632,C011,2025-07-05,499
U2838,C020,2025-06-19,1299
U2954,C010,2025-02-14,799
U1683,C011,2025-09-01,499
U1820,C003,2025-10-19,499
U1839,C013,2025-09-02,499
U1268,C004,2026-04-26,799
U0795,C014,2026-03-28,799
U1892,C012,2025-10-16,799
U1565,C001,2026-06-25,499
U1715,C019,2025-07-24,1299
U2477,C016,2025-09-14,799
U0214,C018,2026-05-08,1299
U1521,C007,2025-04-16,499
U2914,C011,2026-06-13,499
U0511,C002,2025-03-27,799
U0657,C009,2026-04-06,499
U2103,C019,2026-03-24,1299
U0376,C018,2025-08-16,1299
U1848,C001,2025-12-24,499
U0110,C015,2025-02-24,499
U1624,C020,2026-01-18,1299
U0966,C020,2025-03-25,1299
U1536,C007,2025-01-29,499
U1306,C008,2025-04-12,799
U2928,C003,2025-12-10,499
U0599,C011,2025-02-09,499
U1176,C020,2026-04-29,1299
U2852,C006,2025-05-23,799
U2890,C018,2026-04-05,1299
U2521,C004,2025-03-23,799
U0078,C017,2025-08-09,1299
U0613,C020,2026-06-25,1299
U1734,C004,2025-10-23,799
U0974,C010,2025-05-05,799
U0196,C018,2026-03-06,1299
U2618,C010,2026-04-14,799
U0258,C018,2026-05-27,1299
U2445,C008,2025-01-17,799
U2589,C017,2025-09-05,1299
U2944,C020,2025-10-26,1299
U1759,C003,2025-12-28,499
U0986,C008,2026-03-03,799
U0768,C011,2025-03-29,499
U2145,C015,2025-03-11,499
U2155,C005,2026-06-04,499
U2080,C003,2025-01-21,499
U1600,C007,2026-04-27,499
U0179,C005,2026-02-01,499
U1530,C016,2025-01-17,799
U1463,C002,2025-03-11,799
U1413,C017,2025-04-17,1299
U2384,C019,2025-12-07,1299
U0547,C012,2025-12-27,799
U2237,C005,2025-06-29,499
U2805,C009,2026-05-06,499
U2588,C013,2025-05-19,499
U0259,C015,2026-04-14,499
U0152,C016,2025-07-26,799
U0180,C011,2025-07-24,499
U0172,C009,2025-11-14,499
U2112,C012,2026-04-30,799
U1038,C007,2025-07-15,499
U1172,C001,2025-02-18,499
U2686,C003,2025-10-07,499
U0510,C016,2026-01-12,799
U1790,C009,2026-02-14,499
U1802,C009,2026-01-31,499
U1389,C020,2026-05-24,1299
U2835,C008,2026-01-12,799
U2127,C017,2025-03-26,1299
U2979,C004,2025-03-22,799
U1764,C001,2025-07-04,499
U2235,C005,2025-11-25,499
U0421,C014,2025-12-02,799
U2708,C008,2025-11-10,799
U1827,C020,2026-03-13,1299
U0683,C012,2026-03-31,799
U1440,C011,2025-02-13,499
U2978,C006,2025-12-28,799
U2519,C001,2025-10-09,499
U2620,C001,2025-02-28,499
U0308,C018,2026-02-20,1299
U1489,C006,2025-06-13,799
U0128,C003,2026-03-25,499
U0143,C012,2025-03-10,799
U0967,C008,2026-01-11,799
U1484,C020,2025-02-03,1299
U2479,C003,2026-04-06,499
U1520,C020,2026-03-31,1299
U0315,C010,2025-05-21,799
U2169,C004,2026-02-12,799
U1288,C001,2025-10-13,499
U1023,C001,2025-01-27,499
U0763,C003,2026-06-15,499
U1586,C003,2025-05-01,499
U1073,C008,2025-09-24,799
U2884,C002,2025-08-08,799
U2507,C017,2026-05-18,1299
U0820,C011,2025-05-19,499
U0304,C003,2025-06-26,499
U2922,C019,2025-03-31,1299
U2794,C006,2025-11-24,799
U2736,C019,2025-03-08,1299
U2253,C004,2025-10-25,799
U1229,C012,2025-06-11,799
U2916,C012,2025-06-28,799
U1481,C010,2025-08-18,799
U0498,C016,2025-05-23,799
U0970,C012,2026-05-21,799
U0108,C015,2026-01-13,499
U1915,C009,2025-05-13,499
U2507,C013,2025-03-30,499
U0270,C008,2026-02-12,799
U2937,C020,2026-05-06,1299
U2154,C012,2026-02-24,799
U2355,C008,2025-05-09,799
U1299,C006,2025-03-17,799
U1844,C013,2026-06-14,499
U1412,C012,2025-07-06,799
U0529,C015,2026-05-30,499
U0227,C004,2025-05-08,799
U2123,C009,2025-11-08,499
U0675,C003,2025-11-27,499
U2906,C001,2025-12-21,499
U2126,C018,2025-10-18,1299
U0324,C014,2025-07-21,799
U2602,C011,2025-10-09,499
U0513,C020,2025-11-07,1299
U2517,C016,2025-04-06,799
U2059,C017,2025-06-22,1299
U2425,C007,2025-06-07,499
U0702,C012,2025-12-12,799
U2309,C012,2025-01-30,799
U0333,C003,2025-09-29,499
U2668,C012,2026-03-03,799
U2532,C006,2025-02-01,799
U2040,C009,2025-10-24,499
U2630,C018,2026-05-10,1299
U1004,C020,2026-02-20,1299
U1219,C007,2025-03-16,499
U2821,C007,2025-06-11,499
U1801,C008,2026-05-11,799
U1903,C014,2025-12-15,799
U2485,C018,2025-11-17,1299
U2943,C020,2025-12-20,1299
U1634,C002,2026-01-15,799
U2110,C019,2025-04-19,1299
U1308,C007,2026-04-23,499
U0502,C009,2026-04-06,499
U1016,C012,2025-04-10,799
U0208,C012,2026-01-29,799
U2521,C012,2025-09-12,799
U0655,C019,2025-12-02,1299
U2367,C020,2025-11-17,1299
U0778,C011,2025-06-13,499
U2041,C014,2026-04-24,799
U2043,C018,2025-11-12,1299
U2038,C014,2025-04-03,799
U1611,C012,2026-04-14,799
U0987,C016,2025-12-28,799
U0200,C015,2025-10-16,499
U2028,C001,2026-04-27,499
U1171,C014,2025-01-09,799
U0441,C015,2025-05-18,499
U1084,C002,2026-01-10,799
U1652,C013,2025-02-16,499
U1641,C012,2025-07-19,799
U1485,C012,2025-10-23,799
U0302,C009,2026-06-01,499
U1845,C006,2025-10-14,799
U2553,C016,2025-05-02,799
U0528,C015,2026-02-08,499
U1529,C002,2025-12-14,799
U2285,C015,2026-01-10,499
U0591,C010,2026-06-06,799
U1645,C004,2025-02-11,799
U0186,C017,2025-05-21,1299
U2923,C005,2026-05-01,499
U2128,C003,2025-06-02,499
U2484,C005,2026-06-12,499
U0573,C009,2025-11-23,499
U0666,C013,2025-11-03,499
U2432,C018,2026-06-04,1299
U2088,C002,2026-05-17,799
U2903,C017,2025-11-03,1299
U1946,C002,2025-01-18,799
U1509,C013,2025-04-23,499
U1707,C007,2025-11-12,499
U2971,C006,2025-01-28,799
U2445,C005,2025-09-29,499
U2686,C005,2025-08-22,499
U2955,C019,2026-05-07,1299
U0699,C019,2026-01-25,1299
U0606,C007,2025-09-06,499
U0130,C003,2025-04-23,499
U0782,C017,2026-03-28,1299
U1285,C015,2025-06-05,499
U1692,C007,2025-07-28,499
U1681,C015,2026-04-28,499
U2980,C011,2025-05-22,499
U2125,C002,2025-11-29,799
U2713,C010,2026-06-23,799
U1544,C016,2025-06-27,799
U1883,C004,2025-12-17,799
U2238,C006,2025-09-28,799
U2499,C006,2025-07-16,799
U1010,C007,2025-11-02,499
U0922,C003,2025-11-01,499
U1184,C016,2025-08-01,799
U2828,C003,2026-05-16,499
U1299,C010,2025-12-24,799
U2296,C006,2025-10-08,799
U1179,C002,2026-01-24,799
U1617,C012,2025-12-20,799
U0600,C005,2025-02-13,499
U1179,C014,2025-03-22,799
U1419,C006,2026-03-29,799
U2687,C004,2026-05-06,799
U0877,C017,2025-10-05,1299
U2303,C016,2025-10-06,799
U0563,C003,2025-09-03,499
U0994,C008,2025-08-20,799
U2614,C013,2025-02-23,499
U0411,C011,2025-12-05,499
U2939,C003,2025-04-13,499
U2791,C019,2025-05-21,1299
U0022,C007,2025-06-11,499
U1667,C009,2026-05-03,499
U1956,C017,2025-07-24,1299
U1177,C016,2025-10-20,799
U2646,C007,2025-04-02,499
U2672,C019,2025-08-26,1299
U2192,C004,2025-02-08,799
U0718,C005,2025-06-30,499
U0149,C015,2026-02-11,499
U2030,C001,2025-10-24,499
U0154,C017,2025-11-02,1299
U2327,C006,2025-04-20,799
U1373,C018,2026-04-11,1299
U2627,C007,2026-06-21,499
U2024,C001,2025-05-18,499
U2066,C017,2025-10-07,1299
U0790,C006,2025-04-26,799
U1355,C011,2026-04-15,499
U2656,C014,2025-07-10,799
U0058,C008,2025-12-12,799
U1209,C002,2025-07-17,799
U0719,C001,2026-02-20,499
U1752,C018,2025-12-02,1299
U0356,C005,2025-04-08,499
U0757,C006,2026-05-04,799
U1326,C003,2025-09-12,499
U0028,C012,2026-01-28,799
U0965,C018,2025-10-01,1299
U1351,C001,2025-01-12,499
U1072,C011,2026-01-04,499
U2838,C014,2025-03-05,799
U2736,C013,2026-04-22,499
U1257,C008,2026-02-20,799
U2811,C009,2025-11-15,499
U2828,C002,2025-10-30,799
U1506,C016,2025-08-15,799
U0898,C001,2026-05-05,499
U0628,C020,2026-01-18,1299
U1704,C015,2026-04-28,499
U2202,C003,2025-08-12,499
U1014,C002,2025-03-25,799
U2153,C009,2026-06-25,499
U2883,C015,2025-03-21,499
U2311,C018,2025-03-05,1299
U2244,C013,2026-06-02,499
U0829,C006,2025-06-03,799
U0674,C002,2026-06-17,799
U1810,C007,2025-07-30,499
U2937,C013,2026-05-16,499
U0373,C007,2026-06-07,499
U1825,C003,2025-02-26,499
U1858,C009,2026-06-10,499
U1702,C014,2025-03-01,799
U2289,C020,2025-11-12,1299
U2963,C019,2026-02-10,1299
U1043,C004,2025-01-04,799
U0893,C014,2025-03-16,799
U0186,C013,2025-12-19,499
U2869,C014,2025-03-03,799
U0283,C013,2026-04-29,499
U0130,C004,2026-02-23,799
U0738,C015,2025-05-19,499
U2628,C016,2026-03-07,799
U1534,C009,2026-01-27,499
U1838,C002,2026-01-22,799
U1539,C003,2025-05-17,499
U2677,C001,2025-12-23,499
U0486,C015,2026-02-07,499
U2167,C007,2025-08-17,499
U0015,C014,2025-01-24,799
U1223,C003,2026-03-11,499
U2179,C012,2025-08-24,799
U1014,C006,2025-12-21,799
U0636,C006,2025-07-13,799
U2970,C011,2025-04-26,499
U0132,C020,2026-03-06,1299
U2519,C017,2025-01-17,1299
U0986,C005,2025-03-10,499
U0414,C014,2025-02-04,799
U1829,C006,2025-02-19,799
U1003,C012,2025-02-15,799
U1648,C002,2025-08-28,799
U2211,C019,2025-02-27,1299
U0574,C005,2025-10-24,499
U0960,C003,2025-11-23,499
U2366,C005,2025-11-25,499
U0971,C004,2025-05-27,799
U2705,C011,2025-08-15,499
U1694,C019,2025-10-09,1299
U0250,C014,2025-06-29,799
U2565,C017,2026-03-14,1299
U2277,C002,2025-02-18,799
U1411,C012,2026-01-26,799
U2149,C006,2026-03-03,799
U1673,C004,2025-11-04,799
U1542,C016,2026-04-30,799
U0988,C015,2025-08-19,499
U1232,C010,2025-05-28,799
U1897,C005,2025-03-01,499
U2304,C011,2026-03-03,499
U2283,C012,2025-05-18,799
U1591,C009,2025-09-19,499
U0833,C019,2025-03-22,1299
U1843,C012,2026-01-15,799
U0379,C017,2025-07-15,1299
U0212,C002,2026-01-22,799
U2760,C008,2025-02-10,799
U0299,C020,2025-08-11,1299
U1964,C006,2025-12-07,799
U1242,C006,2025-01-16,799
U0868,C012,2025-07-14,799
U0481,C013,2026-05-06,499
U0994,C012,2025-07-29,799
U1625,C015,2025-09-03,499
U2262,C019,2025-10-17,1299
U1560,C013,2026-01-03,499
U1264,C008,2026-01-04,799
U2101,C009,2026-05-25,499
U1909,C010,2026-04-26,799
U1312,C004,2025-07-28,799
U1519,C011,2026-02-28,499
U0188,C014,2025-08-15,799
U0598,C013,2025-09-25,499
U2267,C015,2026-03-04,499
U1210,C012,2025-07-20,799
U1352,C002,2026-01-24,799
U2334,C003,2025-09-09,499
U2046,C002,2025-12-12,799
U1055,C013,2026-05-16,499
U2964,C003,2026-05-18,499
U1888,C004,2025-12-27,799
U0694,C007,2026-05-16,499
U0754,C003,2025-03-02,499
U2147,C016,2025-03-18,799
U2738,C019,2025-01-07,1299
U1690,C003,2025-08-25,499
U0279,C007,2025-06-04,499
U0038,C012,2026-06-02,799
U1868,C020,2025-03-03,1299
U2531,C020,2026-05-10,1299
U2701,C002,2025-01-17,799
U0028,C007,2026-02-26,499
U0049,C016,2025-10-09,799
U2195,C011,2025-01-18,499
U2058,C003,2026-03-17,499
U0735,C011,2025-04-09,499
U2148,C016,2025-09-04,799
U0787,C005,2026-06-24,499
U1034,C014,2025-12-29,799
U1095,C005,2026-02-11,499
U0324,C015,2026-02-20,499
U1881,C002,2025-09-07,799
U2856,C005,2025-11-04,499
U2802,C012,2025-03-24,799
U2678,C007,2025-02-02,499
U0383,C015,2026-01-24,499
U1545,C003,2026-05-03,499
U0230,C004,2025-01-10,799
U2879,C004,2025-03-26,799
U2048,C012,2026-03-21,799
U2642,C015,2025-12-06,499
U2318,C016,2025-04-08,799
U2164,C011,2025-02-13,499
U0942,C018,2026-05-02,1299
U1111,C005,2025-03-18,499
U2804,C008,2025-10-15,799
U2225,C002,2025-02-03,799
U0735,C019,2025-11-19,1299
U0065,C002,2025-05-28,799
U2920,C018,2026-02-12,1299
U0316,C002,2025-06-16,799
U2310,C017,2026-02-03,1299
U2774,C010,2025-12-06,799
U1573,C010,2025-05-24,799
U2824,C006,2025-03-22,799
U2052,C003,2025-12-21,499
U0220,C009,2026-03-24,499
U0951,C016,2025-03-19,799
U1396,C002,2026-02-11,799
U1337,C010,2025-10-07,799
U1846,C009,2025-08-22,499
U1458,C003,2026-01-20,499
U1769,C006,2026-01-25,799
U0352,C011,2025-10-30,499
U1010,C007,2025-03-17,499
U0337,C016,2025-06-07,799
U1557,C020,2025-06-07,1299
U1596,C014,2026-01-05,799
U0437,C016,2025-01-06,799
U1263,C008,2026-01-04,799
U1105,C013,2025-05-16,499
U0358,C017,2026-03-18,1299
U1839,C015,2026-06-09,499
U1672,C020,2025-01-27,1299
U0368,C002,2025-04-06,799
U2446,C017,2025-11-29,1299
U1578,C015,2025-10-26,499
U1695,C013,2025-03-28,499
U2969,C006,2025-09-06,799
U2343,C004,2025-06-23,799
U2808,C016,2025-06-23,799
U0569,C016,2025-11-05,799
U1100,C015,2025-05-30,499
U0260,C008,2026-03-22,799
U1131,C002,2025-11-03,799
U1984,C007,2025-03-20,499
U1480,C006,2025-09-10,799
U2953,C001,2026-05-23,499
U2433,C015,2025-07-20,499
U1876,C010,2025-05-19,799
U1248,C008,2026-02-10,799
U1361,C019,2026-01-25,1299
U1350,C016,2025-12-09,799
U1764,C001,2025-05-20,499
U1231,C001,2025-07-25,499
U1963,C011,2025-07-01,499
U1632,C019,2025-10-26,1299
U2847,C017,2026-05-18,1299
U2359,C018,2025-09-06,1299
U1335,C014,2025-10-15,799
U1610,C004,2025-04-27,799
U2310,C012,2025-07-04,799
U2793,C009,2025-01-28,499
U2979,C017,2025-08-03,1299
U1796,C014,2025-10-26,799
U2838,C011,2026-02-23,499
U2757,C012,2025-05-23,799
U2595,C004,2025-09-05,799
U1035,C003,2025-06-07,499
U2930,C005,2026-01-22,499
U0303,C005,2026-05-06,499
U2385,C012,2026-06-03,799
U2834,C019,2025-02-07,1299
U1473,C001,2025-03-29,499
U0448,C018,2025-09-12,1299
U2694,C006,2025-12-30,799
U0682,C011,2025-02-15,499
U2307,C005,2026-02-14,499
U1359,C018,2026-03-17,1299
U0434,C003,2025-04-11,499
U1060,C015,2026-06-07,499
U2125,C005,2025-08-15,499
U1826,C005,2026-02-05,499
U1897,C001,2026-05-28,499
U0618,C002,2025-01-26,799
U1978,C006,2025-10-30,799
U1704,C003,2025-03-29,499
U0476,C016,2025-05-26,799
U1427,C008,2025-12-18,799
U1866,C003,2025-07-31,499
U2135,C019,2025-12-23,1299
U1951,C007,2026-03-25,499
U2958,C003,2026-04-09,499
U1307,C003,2025-11-04,499
U0184,C017,2025-04-28,1299
U0093,C010,2025-12-18,799
U2655,C019,2025-06-18,1299
U1000,C014,2025-06-28,799
U2261,C002,2025-12-05,799
U2294,C006,2026-04-19,799
U0950,C006,2026-02-19,799
U2580,C012,2025-07-10,799
U2624,C018,2026-03-19,1299
U1621,C006,2025-07-22,799
U1842,C017,2026-03-16,1299
U1593,C019,2025-08-08,1299
U0843,C007,2025-03-06,499
U2365,C014,2025-07-11,799
U1499,C012,2025-07-21,799
U1875,C011,2025-09-26,499
U2748,C010,2026-05-17,799
U2162,C005,2025-11-17,499
U2446,C012,2026-02-06,799
U2405,C008,2025-12-23,799
U1442,C015,2026-04-14,499
U2529,C017,2025-11-01,1299
U2517,C019,2025-03-28,1299
U2753,C016,2025-11-17,799
U0483,C012,2025-11-09,799
U0480,C001,2026-01-18,499
U2841,C012,2026-06-08,799
U1592,C003,2025-05-22,499
U2355,C018,2026-03-10,1299
U0761,C009,2025-06-27,499
U2273,C012,2026-05-17,799
U1184,C011,2025-07-11,499
U1289,C007,2026-04-07,499
U2538,C020,2026-01-03,1299
U0040,C019,2025-05-20,1299
U0800,C006,2026-01-29,799
U2301,C013,2026-05-22,499
U1676,C019,2026-05-19,1299
U1703,C015,2026-03-31,499
U2002,C017,2025-03-26,1299
U2316,C012,2025-08-14,799
U1197,C003,2025-10-09,499
U0921,C015,2025-10-23,499
U0689,C019,2026-04-14,1299
U2317,C005,2026-05-23,499
U2252,C007,2025-04-26,499
U2346,C004,2025-10-02,799
U2225,C016,2026-01-11,799
U2221,C015,2025-02-12,499
U2945,C018,2025-08-12,1299
U1742,C020,2025-09-11,1299
U1220,C012,2025-02-03,799
U1843,C011,2025-12-23,499
U0357,C008,2025-05-01,799
U0971,C006,2025-12-26,799
U2912,C002,2026-03-15,799
U0680,C002,2025-05-23,799
U0847,C010,2025-07-31,799
U0244,C007,2025-12-26,499
U2181,C002,2025-06-22,799
U1326,C010,2025-10-27,799
U1186,C014,2025-10-01,799
U2108,C010,2025-04-08,799
U0556,C018,2026-02-26,1299
U0243,C009,2025-05-10,499
U2874,C017,2025-05-16,1299
U1023,C017,2025-11-26,1299
U1014,C010,2026-02-07,799
U2005,C006,2025-10-03,799
U2572,C010,2026-01-20,799
U1852,C010,2025-04-06,799
U1651,C011,2025-10-12,499
U2846,C016,2026-01-13,799
U1863,C005,2026-05-15,499
U1341,C017,2025-01-03,1299
U0382,C001,2026-04-15,499
U2601,C005,2026-01-02,499
U0260,C004,2026-02-12,799
U0893,C006,2025-08-05,799
U2027,C008,2025-11-27,799
U1162,C012,2025-05-14,799
U2319,C014,2026-05-12,799
U1408,C003,2025-02-19,499
U0189,C008,2026-04-16,799
U0067,C013,2025-06-11,499
U1808,C010,2025-01-01,799
U1753,C009,2025-05-16,499
U2663,C001,2025-06-12,499
U1123,C001,2026-01-05,499
U1026,C019,2026-01-16,1299
U2722,C007,2025-06-19,499
U0213,C018,2025-11-09,1299
U2974,C008,2025-08-28,799
U1759,C010,2025-04-04,799
U2883,C006,2025-01-02,799
U0875,C007,2025-03-21,499
U0544,C016,2025-08-20,799
U2128,C017,2026-04-01,1299
U0039,C014,2025-12-18,799
U0494,C020,2026-03-09,1299
U2843,C020,2026-05-05,1299
U0291,C016,2026-01-28,799
U0366,C010,2025-04-15,799
U0423,C005,2026-01-12,499
U1226,C017,2026-01-27,1299
U0546,C016,2025-05-27,799
U0281,C009,2025-01-09,499
U2500,C016,2025-06-18,799
U1803,C014,2025-08-07,799
U2573,C015,2025-06-05,499
U1687,C008,2026-03-30,799
U0890,C014,2025-04-13,799
U0574,C018,2025-05-07,1299
U2415,C001,2026-01-29,499
U1440,C016,2025-11-19,799
U0573,C006,2025-10-11,799
U2641,C010,2025-09-12,799
U2267,C001,2025-10-19,499
U2829,C012,2025-11-05,799
U0842,C016,2026-06-06,799
U0773,C010,2026-02-06,799
U1211,C006,2025-02-25,799
U0981,C020,2026-01-31,1299
U0462,C008,2026-05-27,799
U2614,C012,2025-03-14,799
U2164,C008,2025-01-13,799
U1480,C008,2025-11-21,799
U0541,C007,2026-03-07,499
U1497,C006,2025-06-26,799
U1930,C014,2025-03-16,799
U0069,C017,2025-03-11,1299
U0057,C019,2025-08-09,1299
U0164,C019,2025-03-03,1299
U1631,C001,2025-10-21,499
U2575,C015,2026-05-29,499
U1702,C008,2026-02-16,799
U0338,C009,2025-06-06,499
U1137,C013,2025-11-14,499
U0324,C020,2025-07-28,1299
U0637,C005,2025-12-01,499
U1601,C009,2025-03-09,499
U1271,C002,2026-03-24,799
U2990,C019,2025-09-02,1299
U0238,C006,2025-03-30,799
U1780,C017,2026-04-10,1299
U2508,C003,2025-02-26,499
U1267,C006,2025-06-29,799
U0490,C010,2025-05-21,799
U2874,C014,2025-06-17,799
U2034,C005,2025-12-22,499
U2143,C013,2025-09-23,499
U0684,C020,2025-05-10,1299
U1101,C013,2025-05-01,499
U0121,C013,2026-03-16,499
U1115,C006,2025-03-07,799
U1078,C005,2025-03-20,499
U2033,C004,2026-06-08,799
U1476,C009,2026-05-27,499
U2322,C010,2026-01-12,799
U0645,C002,2025-04-16,799
U2351,C012,2025-04-29,799
U0936,C008,2026-06-06,799
U0011,C011,2025-01-13,499
U1002,C006,2026-04-29,799
U1491,C011,2025-06-03,499
U0734,C015,2025-02-06,499
U2265,C009,2026-03-06,499
U0920,C010,2025-09-12,799
U1705,C019,2025-11-24,1299
U1112,C016,2025-03-21,799
U2342,C014,2025-05-03,799
U2057,C017,2025-02-23,1299
U0735,C002,2026-06-13,799
U0189,C007,2025-03-12,499
U1906,C007,2025-10-17,499
U1273,C019,2025-03-30,1299
U2266,C011,2025-01-09,499
U1512,C018,2025-10-26,1299
U2310,C013,2025-11-08,499
U2551,C018,2026-04-21,1299
U1509,C011,2026-05-21,499
U0801,C003,2025-09-09,499
U0617,C018,2026-02-24,1299
U0098,C011,2025-12-21,499
U2605,C013,2025-01-10,499
U1373,C018,2026-01-21,1299
U2979,C015,2025-04-17,499
U0841,C002,2025-09-01,799
U1720,C004,2025-03-03,799
U0584,C006,2025-10-14,799
U0382,C007,2025-08-26,499
U2129,C016,2026-01-17,799
U1878,C019,2025-03-28,1299
U2379,C010,2026-06-02,799
U0547,C001,2026-02-08,499
U0307,C017,2025-03-05,1299
U1782,C011,2025-05-14,499
U0970,C015,2025-09-25,499
U1291,C013,2026-02-07,499
U2871,C009,2025-12-01,499
U1303,C012,2025-10-06,799
U0957,C018,2025-07-27,1299
U0558,C019,2025-04-22,1299
U0637,C015,2025-06-18,499
U1842,C018,2025-11-18,1299
U1666,C005,2026-01-02,499
U0851,C014,2025-11-12,799
U1898,C011,2025-05-03,499
U0371,C005,2025-11-08,499
U2887,C016,2025-02-11,799
U0881,C009,2025-12-02,499
U0608,C009,2025-09-12,499
U1458,C018,2026-06-10,1299
U0201,C002,2025-11-03,799
U1066,C001,2025-06-28,499
U0128,C001,2026-02-19,499
U1853,C012,2025-09-13,799
U0388,C002,2025-04-15,799
U0573,C019,2025-01-13,1299
U0253,C004,2025-08-16,799
U0536,C002,2026-02-15,799
U1525,C015,2025-03-28,499
U2386,C003,2025-09-23,499
U0308,C010,2025-03-08,799
U0810,C003,2026-03-31,499
U0528,C010,2025-12-06,799
U0502,C016,2026-04-18,799
U0208,C002,2026-03-20,799
U2968,C019,2026-05-24,1299
U0121,C002,2026-03-13,799
U0708,C004,2025-08-08,799
U0767,C016,2025-10-14,799
U1827,C008,2025-06-02,799
U0142,C005,2025-09-09,499
U2652,C008,2026-05-26,799
U1688,C013,2026-05-06,499
U0250,C003,2025-10-14,499
U1569,C019,2026-03-06,1299
U0817,C005,2026-06-23,499
U1021,C009,2025-01-20,499
U1567,C018,2026-01-03,1299
U1965,C013,2026-05-12,499
U1410,C020,2026-05-30,1299
U1318,C008,2025-10-04,799
U0737,C017,2025-11-23,1299
U2446,C015,2025-01-31,499
U1151,C009,2026-04-29,499
U2169,C008,2025-08-27,799
U0654,C018,2025-09-11,1299
U2691,C017,2025-09-30,1299
U2186,C003,2025-02-27,499
U0899,C012,2026-02-02,799
U1454,C014,2025-06-27,799
U0722,C015,2025-11-22,499
U2858,C011,2025-01-29,499
U2882,C007,2025-12-27,499
U2326,C007,2025-05-26,499
U2307,C002,2025-07-12,799
U2017,C006,2025-11-13,799
U0720,C017,2025-02-08,1299
U0370,C017,2025-08-27,1299
U2465,C018,2025-01-21,1299
U2157,C012,2025-01-01,799
U1359,C009,2025-07-26,499
U0535,C003,2025-07-01,499
U1326,C012,2025-01-23,799
U0606,C012,2025-05-26,799
U0455,C001,2026-06-23,499
U1495,C008,2026-01-18,799
U2886,C005,2026-02-10,499
U2401,C006,2025-12-11,799
U1237,C002,2025-05-20,799
U0646,C001,2026-03-24,499
U2619,C004,2025-11-21,799
U0714,C014,2026-01-01,799
U0915,C006,2025-06-29,799
U1550,C003,2025-10-29,499
U0522,C012,2025-01-02,799
U2876,C008,2026-02-05,799
U2325,C019,2025-07-06,1299
U2468,C004,2025-08-15,799
U2620,C011,2025-04-17,499
U2033,C019,2025-12-06,1299
U0319,C005,2025-12-22,499
U1309,C014,2025-04-01,799
U2904,C003,2025-12-10,499
U1830,C014,2025-09-29,799
U0859,C010,2025-03-11,799
U1436,C015,2025-04-21,499
U2951,C009,2025-02-19,499
U1581,C002,2026-03-06,799
U0682,C018,2026-02-28,1299
U2020,C020,2026-01-23,1299
U1439,C015,2026-01-20,499
U0416,C020,2026-05-06,1299
U2368,C002,2025-08-19,799
U0667,C011,2025-03-17,499
U0137,C001,2025-01-21,499
U1306,C018,2025-04-18,1299
U0304,C009,2025-06-24,499
U1538,C020,2025-03-18,1299
U2241,C017,2025-04-06,1299
U1385,C020,2026-05-10,1299
U2886,C010,2026-03-18,799
U2678,C016,2026-03-21,799
U0644,C015,2025-04-14,499
U1357,C017,2025-07-14,1299
U1677,C011,2025-09-29,499
U2706,C019,2025-11-01,1299
U0973,C004,2025-02-20,799
U1610,C015,2026-05-18,499
U0630,C014,2026-01-05,799
U0016,C015,2025-03-31,499
U1207,C020,2026-05-07,1299
U0818,C014,2025-01-27,799
U0848,C003,2025-10-26,499
U0336,C005,2025-04-29,499
U1264,C017,2026-02-12,1299
U1929,C005,2025-09-29,499
U0374,C010,2026-02-01,799
U0758,C017,2026-01-26,1299
U1514,C015,2026-04-02,499
U0183,C016,2026-03-27,799
U1905,C003,2025-08-20,499
U1101,C010,2025-03-05,799
U0620,C011,2025-04-10,499
U0352,C007,2025-12-19,499
U2218,C005,2025-08-21,499
U2268,C008,2026-02-01,799
U2141,C001,2026-05-02,499
U2346,C005,2025-08-30,499
U1951,C011,2025-03-22,499
U1618,C010,2025-02-05,799
U2057,C001,2026-06-14,499
U2341,C011,2025-05-31,499
U0493,C001,2026-04-05,499
U0709,C013,2025-06-21,499
U0868,C018,2025-07-17,1299
U0517,C011,2026-03-10,499
U0321,C011,2026-03-22,499
U0828,C001,2025-06-01,499
U2438,C013,2025-11-24,499
U2979,C007,2025-03-10,499
U0357,C012,2026-02-11,799
U2262,C007,2025-10-10,499
U2129,C018,2025-01-13,1299
U2869,C018,2026-06-20,1299
U1719,C011,2026-03-01,499
U0613,C015,2025-04-13,499
U0433,C008,2025-04-14,799
U1172,C004,2025-12-19,799
U1684,C004,2026-01-28,799
U2683,C015,2026-04-30,499
U0154,C019,2025-10-10,1299
U1651,C002,2026-02-16,799
U0159,C002,2025-12-06,799
U2829,C008,2025-02-20,799
U1947,C002,2025-10-03,799
U1526,C020,2025-12-12,1299
U1242,C006,2025-10-15,799
U2014,C017,2025-04-11,1299
U0934,C010,2025-11-04,799
U1815,C006,2025-11-25,799
U1104,C006,2026-03-03,799
U2478,C007,2025-04-02,499
U0770,C015,2025-08-05,499
U1668,C020,2026-05-12,1299
U2116,C005,2026-01-18,499
U0231,C009,2025-06-12,499
U0269,C008,2026-06-03,799
U1653,C009,2026-06-21,499
U2330,C019,2025-06-27,1299
U0790,C010,2025-07-25,799
U0237,C001,2025-02-03,499
U1870,C017,2026-01-05,1299
U2887,C011,2025-10-08,499
U1509,C006,2026-04-21,799
U2069,C003,2025-05-07,499
U2791,C006,2025-09-05,799
U1526,C004,2026-04-02,799
U0728,C020,2026-05-01,1299
U2404,C004,2025-12-25,799
U1411,C017,2025-09-22,1299
U2822,C003,2025-10-19,499
U0113,C020,2025-02-20,1299
U0668,C005,2025-08-08,499
U0907,C016,2025-08-19,799
U2776,C013,2025-10-03,499
U2669,C017,2026-06-10,1299
U0083,C014,2025-01-10,799
U1942,C002,2025-05-16,799
U2652,C013,2025-01-09,499
U0917,C012,2025-11-09,799
U2920,C018,2025-10-09,1299
U1736,C005,2026-01-21,499
U1429,C008,2025-09-16,799
U0894,C019,2025-11-06,1299
U2774,C020,2026-02-11,1299
U2395,C006,2025-01-08,799
U2096,C005,2026-01-19,499
U2300,C019,2025-10-17,1299
U1223,C011,2025-04-21,499
U1974,C019,2025-12-11,1299
U1133,C007,2025-11-29,499
U1135,C010,2025-11-02,799
U0772,C020,2026-06-14,1299
U0985,C007,2025-02-28,499
U2458,C017,2025-11-24,1299
U2789,C009,2025-01-27,499
U2685,C019,2025-10-30,1299
U1063,C008,2026-03-05,799
U1658,C018,2025-02-06,1299
U2389,C017,2025-07-14,1299
U1406,C005,2025-08-16,499
U2812,C001,2026-05-03,499
U2752,C019,2026-06-04,1299
U1230,C005,2025-06-24,499
U2694,C010,2025-07-05,799
U1204,C014,2026-04-28,799
U0525,C005,2025-09-22,499
U2971,C014,2025-07-07,799
U2785,C016,2025-12-10,799
U2681,C013,2025-08-16,499
U1456,C018,2025-11-11,1299
U1723,C004,2025-12-06,799
U1523,C007,2025-10-29,499
U1900,C020,2025-05-01,1299
U1928,C014,2025-03-14,799
U1935,C013,2025-07-19,499
U2050,C012,2026-01-26,799
U2171,C003,2026-02-28,499
U0222,C003,2025-06-04,499
U0563,C014,2025-12-17,799
U1677,C012,2026-04-14,799
U0587,C017,2025-07-04,1299
U0332,C002,2025-12-07,799
U2585,C020,2025-11-17,1299
U2599,C014,2025-01-05,799
U1852,C005,2025-08-03,499
U0691,C014,2025-06-12,799
U2006,C002,2025-04-01,799
U0531,C017,2026-03-21,1299
U2595,C004,2026-02-18,799
U1758,C014,2026-01-28,799
U0020,C019,2025-07-24,1299
U2993,C003,2025-01-15,499
U1320,C007,2025-07-15,499
U0074,C012,2025-01-05,799
U2567,C013,2025-09-12,499
U0927,C007,2025-12-19,499
U1279,C015,2025-04-16,499
U1572,C011,2025-11-10,499
U0685,C003,2025-02-16,499
U1222,C018,2025-10-25,1299
U1868,C011,2026-06-17,499
U2443,C009,2025-12-12,499
U1777,C010,2025-05-18,799
U1404,C001,2026-05-17,499
U1472,C018,2025-07-12,1299
U0676,C006,2026-02-18,799
U0079,C003,2025-08-18,499
U2979,C016,2025-08-05,799
U0090,C003,2026-06-01,499
U0693,C007,2026-01-11,499
U2913,C013,2025-02-08,499
U1537,C011,2025-09-19,499
U2191,C017,2025-02-19,1299
U2433,C009,2025-04-21,499
U2678,C002,2025-01-21,799
U0198,C002,2025-04-29,799
U1708,C008,2026-01-25,799
U0507,C020,2025-09-16,1299
U1944,C003,2025-06-06,499
U0842,C005,2025-01-10,499
U1234,C020,2025-04-14,1299
U2714,C018,2025-10-04,1299
U2551,C020,2025-05-21,1299
U1716,C001,2025-04-18,499
U2096,C001,2025-05-01,499
U1158,C019,2025-04-19,1299
U2039,C013,2025-07-24,499
U1078,C019,2026-06-20,1299
U0827,C018,2026-02-24,1299
U1210,C015,2025-02-10,499
U2246,C018,2025-08-01,1299
U2819,C004,2026-05-08,799
U1355,C003,2025-01-03,499
U0053,C005,2025-04-02,499
U0453,C007,2026-05-21,499
U0611,C009,2025-04-03,499
U2096,C004,2025-04-14,799
U1049,C018,2025-08-25,1299
U1871,C020,2025-09-28,1299
U1902,C008,2025-04-13,799
U0716,C008,2025-02-10,799
U1191,C014,2025-11-17,799
U1745,C004,2025-04-29,799
U0390,C018,2025-02-16,1299
U0040,C016,2025-05-22,799
U2718,C005,2025-06-24,499
U1347,C009,2026-03-25,499
U2547,C010,2025-04-06,799
U1527,C007,2025-12-17,499
U0750,C010,2026-02-15,799
U1640,C010,2025-10-06,799
U1580,C004,2026-05-05,799
U1728,C010,2025-06-20,799
U0464,C005,2025-03-02,499
U0653,C004,2026-03-03,799
U2420,C004,2026-03-25,799
U0743,C010,2026-01-24,799
U1469,C004,2025-01-30,799
U2804,C017,2025-05-14,1299
U1979,C003,2026-05-15,499
U0463,C002,2026-02-26,799
U1806,C002,2025-03-06,799
U1072,C004,2025-11-18,799
U0051,C006,2026-06-22,799
U2362,C008,2025-08-18,799
U2744,C008,2025-12-13,799
U2127,C008,2025-04-08,799
U1773,C002,2025-09-12,799
U1974,C018,2026-01-30,1299
U0609,C012,2025-02-25,799
U0048,C007,2025-06-10,499
U2071,C004,2026-04-26,799
U2031,C008,2025-06-19,799
U0307,C019,2026-05-19,1299
U1314,C006,2025-12-05,799
U1140,C013,2026-06-04,499
U0913,C017,2026-01-23,1299
U1652,C005,2025-08-29,499
U0323,C020,2026-03-31,1299
U2348,C007,2025-04-01,499
U2042,C014,2025-11-20,799
U0487,C019,2025-01-19,1299
U0421,C004,2026-02-27,799
U0147,C014,2025-01-01,799
U0373,C003,2025-11-08,499
U2083,C017,2025-07-31,1299
U2682,C012,2026-04-13,799
U1397,C002,2025-02-25,799
U0914,C006,2026-04-11,799
U1360,C018,2026-04-30,1299
U2936,C014,2026-01-08,799
U2933,C005,2025-04-27,499
U0400,C018,2025-08-16,1299
U0009,C015,2025-12-30,499
U2596,C009,2025-10-26,499
U2244,C019,2026-01-18,1299
U2876,C015,2025-02-16,499
U0673,C020,2025-05-24,1299
U2937,C019,2026-02-24,1299
U0439,C003,2025-07-20,499
U0769,C014,2026-02-07,799
U0884,C019,2025-07-15,1299
U2936,C015,2025-04-21,499
U1698,C003,2025-05-07,499
U1846,C019,2026-06-01,1299
U0552,C009,2025-01-05,499
U2173,C019,2025-02-19,1299
U2267,C003,2026-03-20,499
U2397,C012,2026-06-05,799
U0726,C015,2025-06-27,499
U2993,C014,2025-05-12,799
U0425,C002,2025-11-26,799
U2065,C016,2026-01-29,799
U1715,C002,2025-09-12,799
U1121,C005,2025-12-18,499
U1205,C007,2025-05-17,499
U0566,C011,2026-06-09,499
U1225,C019,2025-11-18,1299
U2916,C007,2025-08-11,499
U0823,C009,2025-10-25,499
U2813,C010,2025-05-16,799
U2910,C002,2025-07-02,799
U2064,C008,2025-11-27,799
U2910,C007,2025-12-27,499
U2304,C016,2026-03-04,799
U2762,C020,2025-10-20,1299
U1731,C001,2025-01-14,499
U2142,C011,2025-01-26,499
U1561,C016,2025-02-24,799
U2746,C003,2025-07-24,499
U1094,C007,2025-06-14,499
U1174,C009,2025-09-14,499
U0600,C011,2025-03-05,499
U2829,C008,2025-10-30,799
U0836,C008,2025-02-03,799
U1470,C005,2026-04-09,499
U0420,C014,2025-08-18,799
U2651,C004,2026-02-03,799
U0974,C017,2025-10-22,1299
U2839,C006,2025-02-18,799
U1563,C005,2026-03-03,499
U2807,C020,2025-02-25,1299
U0054,C010,2025-09-15,799
U0832,C012,2026-03-30,799
U0924,C015,2026-01-12,499
U2411,C001,2025-07-21,499
U2970,C015,2025-10-29,499
U1839,C014,2025-03-18,799
U0766,C009,2026-06-11,499
U0489,C019,2025-02-11,1299
U1756,C009,2025-09-28,499
U0533,C009,2025-09-19,499
U0024,C009,2026-04-23,499
U2907,C013,2025-06-08,499
U0164,C017,2025-11-27,1299
U2445,C012,2025-11-05,799
U2010,C010,2026-01-02,799
U0299,C001,2025-11-22,499
U2153,C001,2025-07-08,499
U2133,C015,2026-06-02,499
U0653,C007,2026-02-18,499
U0377,C003,2025-08-15,499
U0874,C005,2025-12-06,499
U1357,C015,2025-10-28,499
U0895,C001,2026-05-02,499
U2300,C002,2025-01-10,799
U0470,C009,2025-12-21,499
U1826,C019,2025-09-07,1299
U0164,C009,2025-11-25,499
U1563,C006,2025-04-27,799
U1581,C017,2025-10-17,1299
U0102,C011,2026-06-14,499
U1536,C020,2026-06-05,1299
U1826,C020,2025-02-14,1299
U1215,C003,2025-07-17,499
U1313,C002,2025-03-26,799
U0394,C020,2025-01-08,1299
U2568,C007,2025-08-04,499
U2746,C006,2025-08-07,799
U2808,C016,2025-04-17,799
U0843,C009,2026-03-22,499
U2649,C010,2025-03-15,799
U2811,C007,2025-01-25,499
U1881,C011,2025-12-06,499
U0156,C011,2025-03-17,499
U0223,C007,2025-09-15,499
U2286,C001,2025-08-22,499
U1060,C011,2026-02-02,499
U1848,C011,2026-02-19,499
U1774,C018,2025-01-18,1299
U1596,C010,2025-05-02,799
U2191,C003,2025-03-06,499
U2399,C006,2025-03-16,799
U1466,C007,2026-05-30,499
U0435,C009,2025-11-05,499
U2485,C010,2025-10-16,799
U1793,C012,2026-02-09,799
U2707,C017,2026-05-01,1299
U0641,C013,2025-08-14,499
U0559,C015,2026-02-05,499
U2236,C018,2025-05-28,1299
U1221,C016,2026-01-18,799
U0046,C006,2025-05-25,799
U0505,C019,2025-01-06,1299
U2346,C017,2026-02-08,1299
U2201,C018,2025-03-29,1299
U1249,C008,2025-12-19,799
U0868,C013,2026-06-09,499
U0584,C008,2025-07-08,799
U0905,C011,2025-09-16,499
U0796,C005,2025-07-05,499
U2749,C009,2025-02-25,499
U2249,C007,2025-03-16,499
U1191,C008,2025-03-10,799
U1027,C009,2025-07-22,499
U2973,C008,2026-05-14,799
U1356,C008,2025-05-12,799
U2750,C008,2025-08-29,799
U0410,C002,2025-03-13,799
U0793,C006,2026-05-13,799
U1846,C004,2025-11-10,799
U2841,C002,2025-06-06,799
U2317,C017,2026-01-09,1299
U1296,C008,2025-06-22,799
U0020,C005,2025-09-10,499
U0908,C016,2026-03-23,799
U1134,C016,2026-01-04,799
U0551,C006,2025-12-06,799
U1966,C005,2026-04-02,499
U1470,C004,2025-11-09,799
U1995,C005,2025-04-22,499
U0720,C008,2025-03-25,799
U1150,C002,2025-05-24,799
U2207,C002,2025-09-27,799
U2567,C018,2025-03-19,1299
U0077,C019,2026-06-04,1299
U2588,C013,2026-02-19,499
U2417,C003,2025-02-07,499
U2260,C004,2026-04-29,799
U2679,C014,2025-06-02,799
U1499,C006,2025-08-17,799
U2416,C014,2025-10-25,799
U0549,C015,2026-05-29,499
U2091,C004,2026-02-11,799
U1491,C018,2025-01-11,1299
U2715,C015,2025-06-19,499
U2106,C001,2026-04-02,499
U0653,C001,2025-05-30,499
U2999,C001,2026-01-03,499
U0166,C010,2026-05-15,799
U0950,C013,2025-09-28,499
U1514,C006,2025-02-13,799
U2739,C018,2026-06-15,1299
U1480,C001,2026-04-26,499
U1863,C014,2025-02-17,799
U0164,C002,2025-11-28,799
U0423,C009,2026-06-18,499
U2596,C002,2025-10-08,799
U1079,C020,2025-06-28,1299
U1543,C010,2026-01-23,799
U1497,C010,2025-03-21,799
U2117,C019,2026-01-21,1299
U0913,C006,2026-02-20,799
U1446,C010,2025-12-20,799
U1995,C019,2026-05-09,1299
U2475,C020,2026-05-29,1299
U0570,C018,2025-06-19,1299
U0943,C004,2026-06-11,799
U2636,C019,2025-08-05,1299
U0616,C012,2025-06-11,799
U1484,C006,2025-05-02,799
U2708,C004,2026-03-01,799
U1353,C014,2025-04-27,799
U1973,C010,2026-05-06,799
U1963,C017,2025-06-15,1299
U2652,C007,2026-02-25,499
U0092,C002,2025-02-14,799
U0524,C004,2025-06-14,799
U0552,C005,2026-06-09,499
U0161,C014,2025-05-31,799
U0230,C005,2025-09-22,499
U0738,C010,2026-02-20,799
U2455,C007,2025-01-20,499
U2948,C015,2025-10-18,499
U0352,C011,2026-04-05,499
U2485,C004,2026-05-09,799
U0699,C010,2026-02-25,799
U2462,C003,2025-07-06,499
U2553,C015,2026-06-08,499
U1084,C002,2025-12-17,799
U1858,C019,2025-03-12,1299
U0942,C001,2026-01-30,499
U0542,C019,2025-01-17,1299
U0829,C018,2026-06-01,1299
U2804,C011,2025-06-03,499
U2481,C006,2025-07-01,799
U1950,C019,2025-02-09,1299
U2177,C003,2025-05-01,499
U0382,C016,2025-05-14,799
U2472,C002,2025-01-02,799
U2780,C003,2026-03-18,499
U2139,C004,2026-01-15,799
U0178,C002,2026-03-16,799
U0940,C007,2026-05-09,499
U1562,C008,2025-04-11,799
U1743,C002,2025-09-18,799
U1955,C011,2025-08-27,499
U0344,C005,2026-02-23,499
U1056,C006,2025-01-06,799
U2905,C020,2025-01-08,1299
U2368,C006,2025-05-01,799
U2129,C009,2026-01-20,499
U2682,C020,2025-11-20,1299
U1675,C001,2025-04-20,499
U0634,C013,2025-09-17,499
U1071,C004,2026-03-10,799
U2313,C009,2025-10-10,499
U2788,C007,2025-07-28,499
U1693,C013,2026-05-10,499
U0733,C005,2026-05-11,499
U1040,C001,2025-12-19,499
U2890,C017,2025-05-22,1299
U2701,C007,2025-08-24,499
U1830,C002,2025-06-15,799
U0411,C009,2026-06-05,499
U1641,C011,2025-12-13,499
U2256,C011,2025-02-23,499
U0659,C004,2025-01-06,799
U0374,C018,2025-05-29,1299
U1932,C003,2026-03-22,499
U0362,C017,2025-09-27,1299
U0909,C002,2025-03-23,799
U2495,C007,2026-01-29,499
U1642,C009,2026-06-18,499
U1174,C017,2025-02-28,1299
U0718,C006,2026-05-22,799
U1799,C005,2025-07-26,499
U2691,C007,2026-06-15,499
U1172,C019,2025-02-04,1299
U2456,C004,2026-06-13,799
U2861,C010,2025-06-23,799
U2761,C020,2026-01-04,1299
U0980,C006,2025-01-01,799
U0645,C002,2025-10-10,799
U1637,C018,2026-02-09,1299
U1661,C015,2025-07-25,499
U2121,C007,2025-03-12,499
U0370,C019,2025-10-19,1299
U2975,C014,2025-12-23,799
U1424,C020,2025-10-11,1299
U0927,C020,2025-07-19,1299
U1863,C018,2026-02-18,1299
U2355,C003,2025-09-25,499
U0717,C001,2026-06-03,499
U0437,C014,2025-03-16,799
U2061,C009,2025-12-15,499
U0480,C001,2026-06-10,499
U1056,C014,2025-09-14,799
U2844,C007,2026-01-22,499
U2307,C019,2025-09-07,1299
U1392,C002,2026-04-15,799
U2792,C011,2025-01-29,499
U1975,C006,2025-09-22,799
U0277,C020,2025-08-14,1299
U2773,C001,2025-08-24,499
U1294,C020,2025-12-28,1299
U2116,C019,2025-01-10,1299
U2871,C010,2025-09-27,799
U1017,C007,2025-04-06,499
U1635,C013,2025-12-17,499
U0312,C013,2025-07-02,499
U1952,C005,2025-12-29,499
U0896,C010,2025-10-03,799
U0749,C003,2025-07-14,499
U2044,C007,2025-07-24,499
U0962,C014,2025-09-05,799
U1088,C004,2025-08-23,799
U0831,C005,2025-09-13,499
U2534,C019,2025-06-09,1299
U0437,C016,2025-03-22,799
U2769,C016,2026-05-20,799
U2515,C013,2025-02-13,499
U1976,C013,2025-11-19,499
U2017,C017,2025-10-09,1299
U2011,C016,2026-06-08,799
U1148,C007,2025-08-16,499
U2363,C007,2025-02-25,499
U2154,C017,2026-03-10,1299
U1960,C009,2025-02-03,499
U2059,C006,2026-02-08,799
U2812,C014,2025-06-28,799
U1873,C011,2026-06-15,499
U1885,C008,2025-01-09,799
U0049,C005,2025-08-04,499
U1555,C004,2025-04-14,799
U1333,C007,2025-09-23,499
U0767,C020,2025-09-27,1299
U0972,C017,2026-04-28,1299
U2512,C008,2026-01-10,799
U0754,C008,2026-03-11,799
U0863,C010,2026-01-17,799
U1496,C009,2026-02-15,499
U1146,C011,2025-07-04,499
U2341,C002,2025-08-23,799
U0410,C011,2025-10-04,499
U0966,C016,2026-03-19,799
U1561,C002,2025-05-30,799
U0613,C010,2025-01-10,799
U0724,C013,2026-05-27,499
U0551,C018,2026-06-14,1299
U2188,C019,2025-11-20,1299
U1994,C001,2025-09-14,499
U2303,C003,2025-02-18,499
U1632,C018,2025-06-17,1299
U0246,C014,2025-09-18,799
U1952,C001,2025-04-09,499
U1843,C011,2025-12-09,499
U1065,C008,2026-01-04,799
U2296,C007,2025-09-21,499
U1410,C006,2026-02-26,799
U0497,C002,2025-07-23,799
U2363,C017,2025-06-28,1299
U1166,C006,2025-11-29,799
U2758,C016,2026-05-15,799
U1831,C011,2025-03-22,499
U1561,C013,2025-10-21,499
U1900,C014,2025-05-29,799
U0687,C016,2025-12-12,799
U1728,C018,2026-02-19,1299
U0293,C002,2025-06-15,799
U1408,C009,2025-11-18,499
U1298,C019,2025-10-26,1299
U2910,C013,2026-02-09,499
U1112,C014,2026-04-01,799
U1488,C008,2026-06-18,799
U1845,C014,2025-06-21,799
U0754,C018,2025-01-24,1299
U0513,C014,2025-08-29,799
U2712,C006,2025-03-23,799
U0863,C001,2026-02-11,499
U0422,C013,2025-03-07,499
U1939,C001,2025-02-25,499
U0108,C011,2026-02-11,499
U2147,C002,2025-03-27,799
U0426,C003,2025-06-09,499
U0346,C001,2026-02-04,499
U1268,C008,2025-09-11,799
U1164,C003,2025-05-10,499
U0538,C007,2025-06-24,499
U0118,C015,2026-01-01,499
U1333,C002,2026-05-03,799
U1914,C003,2025-10-06,499
U2247,C018,2025-05-19,1299
U2858,C006,2025-07-01,799
U2421,C007,2026-04-13,499
U2585,C009,2026-03-22,499
U2145,C020,2025-11-14,1299
U1423,C012,2025-08-21,799
U0367,C012,2025-11-12,799
U1499,C004,2025-09-24,799
U0638,C008,2025-01-11,799
U0001,C005,2025-05-20,499
U1409,C020,2026-04-26,1299
U2192,C004,2026-05-19,799
U1955,C018,2025-01-10,1299
U1764,C010,2025-10-27,799
U2446,C004,2025-01-08,799
U2246,C013,2025-07-13,499
U1687,C003,2026-03-24,499
U1617,C005,2025-06-17,499
U2929,C018,2026-02-04,1299
U1550,C012,2025-09-27,799
U0325,C008,2025-09-03,799
U2117,C001,2025-10-06,499
U1167,C014,2025-10-03,799
U1692,C015,2025-03-12,499
U0748,C017,2025-10-24,1299
U0453,C004,2026-04-12,799
U2531,C016,2025-10-06,799
U2870,C008,2026-05-19,799
U0770,C018,2025-01-20,1299
U0624,C002,2025-01-23,799
U0762,C010,2025-10-16,799
U1103,C006,2026-03-25,799
U2979,C020,2025-08-27,1299
U0370,C016,2025-01-16,799
U2022,C020,2025-12-17,1299
U1722,C017,2026-05-26,1299
U1522,C008,2025-02-02,799
U1353,C009,2025-05-30,499
U0230,C016,2026-02-06,799
U0293,C007,2026-04-27,499
U0744,C005,2025-09-14,499
U1563,C005,2025-01-13,499
U0500,C011,2025-09-12,499
U1577,C001,2026-03-30,499
U1013,C004,2025-02-04,799
U0816,C007,2025-04-07,499
U2135,C001,2025-08-02,499
U1937,C006,2025-11-16,799
U1324,C004,2025-02-13,799
U2252,C002,2025-05-06,799
U1038,C016,2025-11-02,799
U0814,C018,2025-02-23,1299
U2731,C009,2025-04-26,499
U0967,C007,2026-03-21,499
U1330,C011,2025-06-21,499
U1131,C003,2025-05-03,499
U1622,C013,2025-09-06,499
U0037,C010,2026-05-02,799
U2820,C003,2025-06-08,499
U1522,C005,2025-04-02,499
U1019,C017,2026-05-27,1299
U0375,C002,2025-12-13,799
U2561,C020,2025-03-03,1299
U1457,C008,2025-06-07,799
U2873,C016,2025-04-20,799
U0516,C012,2025-08-27,799
U1298,C016,2025-12-22,799
U1797,C013,2025-07-17,499
U0088,C016,2026-01-22,799
U1468,C005,2025-05-18,499
U1027,C012,2025-02-10,799
U1988,C005,2026-03-25,499
U2290,C008,2026-05-17,799
U0778,C012,2025-07-11,799
U2227,C008,2025-11-28,799
U3000,C011,2025-10-09,499
U2453,C015,2025-06-14,499
U0283,C008,2025-06-08,799
U1841,C003,2025-09-27,499
U2219,C015,2026-04-10,499
U0003,C011,2026-06-03,499
U1553,C014,2025-07-09,799
U0077,C017,2026-01-08,1299
U2541,C004,2025-11-25,799
U2954,C015,2026-02-01,499
U0778,C019,2026-05-25,1299
U2259,C020,2025-10-17,1299
U1322,C008,2025-11-26,799
U0453,C004,2026-06-20,799
U2699,C007,2025-02-14,499
U0532,C017,2025-02-02,1299
U0828,C014,2026-05-13,799
U0785,C008,2025-02-02,799
U2339,C017,2026-02-02,1299
U2695,C014,2026-06-23,799
U2556,C004,2025-09-20,799
U0202,C010,2025-08-15,799
U2482,C005,2025-03-14,499
U0054,C013,2025-08-02,499
U2686,C002,2025-03-23,799
U1918,C010,2025-03-04,799
U1479,C017,2026-03-02,1299
U1512,C005,2025-03-01,499
U2527,C015,2025-02-11,499
U0289,C016,2025-11-08,799
U0320,C004,2025-08-10,799
U2128,C020,2025-04-14,1299
U2971,C001,2026-01-30,499
U0777,C006,2026-06-23,799
U2691,C004,2025-07-03,799
U2288,C005,2026-03-02,499
U0433,C005,2026-01-02,499
U2763,C010,2026-03-14,799
U0427,C001,2025-07-04,499
U2253,C015,2026-06-01,499
U1383,C020,2025-06-11,1299
U2187,C011,2026-03-30,499
U1444,C005,2025-11-19,499
U2254,C004,2026-01-16,799
U1689,C013,2026-03-17,499
U2974,C015,2025-09-04,499
U2307,C019,2025-08-08,1299
U1537,C002,2025-09-18,799
U1475,C007,2026-04-04,499
U1627,C008,2025-02-05,799
U1166,C003,2025-01-17,499
U2121,C005,2025-11-06,499
U0027,C006,2025-08-16,799
U0880,C008,2025-11-19,799
U0089,C007,2025-10-10,499
U2268,C003,2025-06-08,499
U0387,C018,2026-04-17,1299
U1457,C002,2025-05-22,799
U1086,C009,2025-09-13,499
U0955,C012,2025-11-04,799
U0377,C012,2026-02-14,799
U2331,C009,2025-08-11,499
U0317,C006,2025-11-29,799
U1977,C001,2026-05-15,499
U2825,C018,2025-04-08,1299
U2439,C018,2025-11-04,1299
U0154,C019,2026-01-26,1299
U0322,C002,2025-02-27,799
U1370,C015,2026-03-21,499
U1707,C003,2025-05-04,499
U0929,C001,2025-01-12,499
U2597,C001,2026-01-27,499
U0222,C015,2026-06-21,499
U0169,C020,2025-06-03,1299
U1339,C007,2025-08-15,499
U0628,C014,2026-02-07,799
U1826,C015,2026-06-01,499
U0369,C008,2026-03-19,799
U1187,C014,2026-02-08,799
U0607,C004,2025-12-11,799
U0339,C013,2025-02-20,499
U2246,C009,2025-09-26,499
U0349,C020,2026-05-29,1299
U1780,C009,2025-05-14,499
U0553,C017,2025-07-22,1299
U1999,C011,2025-07-20,499
U2299,C011,2026-06-21,499
U1009,C013,2025-03-15,499
U1091,C004,2026-03-17,799
U1325,C014,2025-04-02,799
U0461,C018,2026-02-28,1299
U1735,C002,2025-12-23,799
U0781,C013,2025-12-19,499
U2433,C007,2025-01-25,499
U1249,C010,2025-12-25,799
U2525,C003,2026-03-29,499
U2553,C003,2026-03-28,499
U0184,C010,2025-08-28,799
U0818,C019,2026-01-18,1299
U0639,C006,2025-03-29,799
U0461,C002,2025-02-25,799
U0996,C016,2025-06-01,799
U1179,C006,2025-12-18,799
U2842,C005,2025-04-24,499
U1250,C020,2026-04-28,1299
U0094,C016,2025-08-03,799
U2204,C018,2025-07-28,1299
U2239,C020,2025-09-22,1299
U2248,C006,2025-05-25,799
U2848,C019,2025-01-19,1299
U1543,C005,2026-06-24,499
U0179,C007,2025-06-24,499
U0247,C005,2025-07-25,499
U2853,C007,2025-10-05,499
U0218,C005,2025-01-09,499
U0273,C010,2025-10-05,799
U2716,C009,2026-01-04,499
U0442,C002,2025-10-27,799
U2660,C005,2025-08-25,499
U1560,C005,2025-04-12,499
U1293,C017,2025-04-01,1299
U0764,C014,2026-05-28,799
U1876,C013,2025-01-23,499
U0163,C006,2025-11-09,799
U1367,C008,2026-02-07,799
U0644,C013,2025-12-22,499
U2803,C005,2025-12-30,499
U2561,C003,2025-08-30,499
U2054,C007,2025-03-05,499
U2564,C020,2026-02-01,1299
U0121,C005,2025-10-14,499
U0924,C002,2025-12-16,799
U1610,C013,2025-05-21,499
U0360,C005,2026-01-27,499
U2133,C016,2025-08-21,799
U1710,C014,2025-06-06,799
U1747,C013,2025-12-04,499
U1840,C013,2025-05-15,499
U0847,C001,2025-05-22,499
U2380,C006,2025-07-27,799
U0566,C003,2026-06-21,499
U0554,C018,2025-05-29,1299
U2688,C019,2025-06-11,1299
U1301,C008,2025-05-02,799
U0755,C008,2025-05-30,799
U2979,C019,2025-11-23,1299
U1696,C014,2025-11-07,799
U1815,C018,2025-10-08,1299
U0623,C017,2025-07-12,1299
U0438,C006,2025-07-09,799
U0108,C018,2025-10-01,1299
U2481,C018,2025-08-25,1299
U2443,C005,2025-08-25,499
U2816,C011,2026-01-03,499
U0326,C016,2026-05-04,799
U0550,C002,2026-04-26,799
U2917,C019,2026-01-18,1299
U0754,C018,2026-02-01,1299
U2013,C017,2025-05-21,1299
U0671,C011,2025-08-20,499
U0133,C010,2025-01-16,799
U1106,C016,2026-02-27,799
U0912,C004,2025-07-27,799
U0838,C002,2025-07-01,799
U1800,C004,2026-05-17,799
U2818,C007,2026-04-14,499
U1011,C017,2026-02-19,1299
U0172,C010,2026-01-25,799
U2950,C013,2026-02-08,499
U2505,C014,2026-06-22,799
U2628,C020,2025-02-09,1299
U2133,C011,2026-04-08,499
U1872,C018,2025-02-13,1299
U1007,C020,2026-02-10,1299
U0161,C003,2026-02-01,499
U2115,C002,2025-02-20,799
U0778,C019,2026-03-27,1299
U1631,C006,2025-11-08,799
U1172,C016,2025-06-20,799
U1731,C015,2025-02-25,499
U2827,C011,2025-05-26,499
U1899,C012,2026-04-08,799
U0371,C003,2026-05-28,499
U0464,C005,2025-05-19,499
U1611,C019,2025-11-28,1299
U1847,C002,2025-07-03,799
U1859,C001,2025-07-26,499
U1863,C009,2025-09-14,499
U1328,C016,2025-06-17,799
U2943,C019,2025-05-07,1299
U0374,C002,2026-04-06,799
U2598,C012,2025-03-29,799
U2146,C015,2026-01-29,499
U2978,C005,2026-06-08,499
U2508,C013,2025-06-13,499
U1552,C005,2026-01-25,499
U0180,C010,2025-06-24,799
U1373,C007,2025-06-03,499
U0665,C001,2025-05-29,499
U0733,C003,2025-02-22,499
U1719,C001,2025-11-13,499
U2991,C019,2026-04-02,1299
U1183,C010,2025-07-05,799
U0482,C020,2025-05-15,1299
U0831,C001,2025-09-17,499
U0051,C016,2026-05-25,799
U2043,C005,2025-01-06,499
U2491,C010,2026-05-21,799
U0975,C001,2026-05-03,499
U1859,C009,2026-03-29,499
U0326,C009,2025-01-07,499
U1003,C019,2025-10-12,1299
U2539,C016,2025-08-01,799
U0201,C020,2025-06-01,1299
U0226,C010,2025-12-24,799
U0151,C019,2025-02-03,1299
U2733,C006,2025-11-02,799
U1357,C003,2025-03-31,499
U0201,C012,2026-03-03,799
U0731,C017,2025-10-19,1299
U2504,C018,2025-07-01,1299
U1866,C014,2026-01-04,799
U0147,C009,2025-11-03,499
U1323,C005,2026-01-24,499
U0278,C011,2026-03-14,499
U2255,C006,2025-10-27,799
U1929,C002,2025-05-05,799
U2846,C016,2025-10-09,799
U1349,C002,2026-02-28,799
U2149,C005,2025-08-03,499
U2507,C003,2025-04-22,499
U2341,C009,2025-03-31,499
U1982,C009,2025-10-22,499
U1750,C015,2025-11-21,499
U1064,C015,2025-12-29,499
U0532,C008,2026-05-24,799
U2129,C011,2026-05-25,499
U2018,C003,2025-07-04,499
U2497,C007,2025-10-25,499
U0793,C020,2025-05-02,1299
U0099,C005,2025-05-01,499
U0850,C014,2026-03-01,799
U1696,C006,2025-12-08,799
U1433,C001,2025-08-06,499
U0047,C010,2025-07-26,799
U2827,C014,2025-09-18,799
U0278,C010,2025-11-04,799
U2076,C017,2025-11-28,1299
U0026,C019,2025-12-08,1299
U1399,C015,2025-01-30,499
U0720,C019,2025-12-05,1299
U1385,C018,2026-05-06,1299
U1944,C004,2025-02-06,799
U2645,C001,2026-05-09,499
U0637,C008,2026-04-17,799
U2200,C005,2025-12-10,499
U1895,C014,2026-02-28,799
U0230,C020,2026-06-18,1299
U1227,C010,2025-11-20,799
U2275,C020,2025-01-20,1299
U0854,C013,2025-12-06,499
U1449,C002,2025-06-02,799
U1149,C009,2025-02-01,499
U1390,C004,2025-06-19,799
U2339,C015,2026-02-03,499
U0768,C010,2025-04-30,799
U1263,C005,2025-11-19,499
U2908,C002,2025-10-06,799
U1696,C001,2026-05-24,499
U0974,C008,2026-04-08,799
U1240,C017,2026-06-22,1299
U1239,C001,2025-04-25,499
U1533,C015,2025-02-08,499
U0828,C006,2025-04-05,799
U1818,C001,2025-01-26,499
U1977,C008,2026-05-28,799
U0632,C014,2025-12-15,799
U1981,C015,2026-06-21,499
U1272,C003,2025-12-02,499
U0587,C007,2025-04-11,499
U2115,C014,2025-05-16,799
U0841,C012,2025-02-07,799
U1882,C003,2026-06-19,499
U0475,C018,2025-11-15,1299
U0181,C012,2025-03-31,799
U1366,C003,2025-02-17,499
U0423,C003,2025-11-16,499
U0093,C011,2025-11-16,499
U2617,C008,2025-08-03,799
U1315,C009,2025-07-17,499
U1174,C020,2025-11-23,1299
U1807,C011,2025-05-01,499
U1117,C020,2025-06-11,1299
U1121,C015,2025-01-16,499
U2552,C020,2026-06-11,1299
U0420,C015,2025-12-25,499
U2251,C016,2025-10-05,799
U0580,C009,2025-10-18,499
U2352,C013,2025-06-25,499
U0292,C014,2025-12-13,799
U2215,C007,2025-02-21,499
U0533,C017,2026-04-28,1299
U2767,C001,2025-04-19,499
U1572,C013,2025-03-30,499
U1747,C017,2025-07-03,1299
U2887,C020,2026-04-02,1299
U2525,C014,2025-11-16,799
U1362,C014,2025-07-22,799
U2921,C001,2025-03-22,499
U1908,C006,2025-05-15,799
U0381,C006,2026-04-25,799
U0399,C011,2025-11-14,499
U2804,C013,2026-04-22,499
U1928,C005,2025-08-18,499
U0589,C006,2025-09-22,799
U1489,C011,2025-07-07,499
U2866,C002,2025-12-05,799
U1331,C006,2026-05-15,799
U0124,C008,2026-05-02,799
U0463,C011,2026-05-06,499
U1890,C015,2025-06-24,499
U1157,C020,2025-12-23,1299
U2476,C002,2025-05-11,799
U2081,C007,2026-02-20,499
U2926,C007,2025-04-20,499
U1335,C010,2025-03-14,799
U1238,C005,2026-04-18,499
U1642,C006,2026-02-28,799
U0978,C014,2025-09-07,799
U2245,C001,2026-05-09,499
U1573,C015,2025-12-15,499
U0853,C004,2026-03-18,799
U1784,C014,2025-12-17,799
U2231,C008,2025-08-30,799
U0709,C002,2025-03-21,799
U2916,C020,2026-05-14,1299
U0469,C016,2026-04-20,799
U1333,C005,2025-04-10,499
U1824,C016,2025-11-12,799
U1663,C013,2025-04-22,499
U2808,C004,2026-01-24,799
U1342,C019,2025-03-04,1299
U0371,C011,2025-05-23,499
U2379,C016,2025-01-01,799
U0601,C009,2025-06-02,499
U1856,C001,2025-10-26,499
U1598,C007,2026-04-03,499
U0802,C018,2025-11-21,1299
U1228,C017,2025-11-08,1299
U1781,C020,2025-12-19,1299
U0366,C009,2025-01-09,499
U2505,C012,2026-02-18,799
U0523,C012,2025-10-29,799
U0256,C001,2025-02-24,499
U0004,C002,2026-01-03,799
U0450,C007,2025-10-16,499
U0128,C006,2026-03-19,799
U2877,C015,2026-02-08,499
U2561,C011,2026-01-27,499
U1664,C004,2026-03-22,799
U2233,C016,2025-06-27,799
U1946,C015,2025-07-12,499
U2276,C012,2026-01-04,799
U1709,C016,2025-10-23,799
U2745,C013,2025-05-18,499
U0048,C016,2025-01-17,799
U0590,C002,2026-05-14,799
U2695,C006,2025-05-20,799
U0347,C017,2026-03-02,1299
U1868,C012,2026-03-12,799
U2553,C014,2026-04-11,799
U2087,C017,2026-04-06,1299
U1576,C013,2025-08-20,499
U0762,C018,2025-01-08,1299
U2368,C015,2025-08-31,499
U2917,C014,2025-10-03,799
U1683,C018,2026-01-11,1299
U0138,C011,2026-05-10,499
U2888,C013,2025-04-26,499
U2377,C010,2025-03-23,799
U0582,C017,2026-06-24,1299
U1145,C005,2026-06-14,499
U0321,C014,2025-04-01,799
U1005,C007,2025-03-21,499
U2802,C015,2025-11-16,499
U2512,C016,2025-12-18,799
U2192,C012,2025-01-12,799
U1921,C011,2026-06-09,499
U1922,C009,2025-12-06,499
U1725,C013,2025-10-29,499
U1185,C002,2025-02-06,799
U2847,C001,2025-11-08,499
U2978,C005,2025-09-24,499
U0252,C001,2026-04-30,499
U2369,C006,2025-02-22,799
U2689,C006,2025-01-28,799
U1175,C004,2025-03-26,799
U0520,C009,2025-03-20,499
U1139,C005,2025-05-16,499
U2523,C010,2025-10-09,799
U1053,C012,2025-04-25,799
U2474,C004,2025-06-04,799
U2700,C009,2026-01-14,499
U0719,C003,2025-08-30,499
U1987,C005,2026-06-25,499
U0136,C009,2025-03-28,499
U0595,C006,2025-06-07,799
U2032,C009,2026-02-27,499
U1570,C017,2026-03-27,1299
U2974,C008,2025-06-21,799
U0864,C020,2025-12-20,1299
U0223,C016,2025-09-28,799
U0476,C004,2025-06-21,799
U1901,C018,2026-05-03,1299
U1235,C019,2025-08-28,1299
U1556,C018,2026-02-04,1299
U1944,C003,2025-05-29,499
U2173,C011,2026-03-22,499
U0049,C009,2026-04-05,499
U1565,C018,2025-11-20,1299
U2172,C010,2025-02-12,799
U0399,C011,2025-12-29,499
U1769,C011,2025-10-07,499
U1373,C018,2025-10-01,1299
U0403,C001,2026-02-05,499
U1889,C013,2025-09-05,499
U2753,C019,2025-07-19,1299
U2130,C015,2025-07-04,499
U1284,C020,2025-01-11,1299
U2756,C014,2025-03-11,799
U0049,C001,2025-04-11,499
U2152,C008,2026-04-02,799
U1440,C004,2025-10-18,799
U1032,C003,2025-02-04,499
U0098,C010,2025-04-05,799
U0233,C004,2025-08-11,799
U2456,C007,2025-05-05,499
U2901,C018,2025-03-30,1299
U2477,C007,2026-01-20,499
U2689,C010,2025-07-09,799
U0455,C003,2025-07-08,499
U1038,C009,2026-04-24,499
U2706,C017,2025-03-19,1299
U2617,C011,2025-10-11,499
U1749,C010,2025-11-28,799
U1055,C010,2025-03-17,799
U1136,C010,2025-03-05,799
U1568,C002,2025-12-07,799
U0247,C002,2025-09-29,799
U0729,C003,2025-03-13,499
U2015,C006,2025-07-25,799
U2500,C008,2025-07-02,799
U2644,C002,2025-04-22,799
U0590,C018,2026-03-18,1299
U0895,C019,2025-04-19,1299
U1809,C009,2025-09-23,499
U0424,C006,2025-03-16,799
U0289,C015,2025-09-14,499
U1827,C003,2026-05-25,499
U0610,C006,2025-01-01,799
U0155,C013,2026-02-04,499
U1092,C018,2025-12-04,1299
U1603,C007,2025-01-04,499
U2112,C009,2026-05-18,499
U1959,C006,2026-02-18,799
U2981,C010,2025-03-13,799
U2213,C015,2025-01-04,499
U1575,C012,2026-05-09,799
U0497,C009,2026-01-03,499
U1366,C014,2025-11-07,799
U1641,C006,2025-04-03,799
U1497,C018,2025-12-15,1299
U0330,C007,2026-04-16,499
U1188,C017,2025-07-27,1299
U0724,C002,2025-02-10,799
U1574,C015,2025-07-15,499
U1225,C008,2026-02-04,799
U0438,C014,2026-01-03,799
U1993,C017,2026-03-25,1299
U0777,C016,2025-02-06,799
U0791,C006,2025-09-02,799
U2004,C008,2025-03-06,799
U2215,C015,2025-11-12,499
U2047,C006,2026-04-06,799
U0068,C015,2025-12-14,499
U0230,C019,2025-02-13,1299
U1661,C013,2025-08-05,499
U2679,C014,2026-06-20,799
U1878,C011,2025-06-02,499
U2374,C010,2025-03-15,799
U0152,C002,2025-05-25,799
U2003,C010,2025-01-20,799
U1931,C007,2025-02-16,499
U0995,C006,2025-05-14,799
U0059,C002,2025-02-21,799
U1259,C018,2025-04-10,1299
U1869,C014,2025-06-24,799
U2421,C001,2025-04-19,499
U0468,C012,2025-08-14,799
U0259,C009,2025-07-27,499
U1746,C006,2026-02-16,799
U1329,C004,2025-05-21,799
U1318,C003,2025-08-07,499
U0187,C013,2025-06-27,499
U1375,C004,2025-05-04,799
U1122,C016,2026-03-02,799
U0689,C004,2026-01-14,799
U2267,C004,2026-03-26,799
U0998,C019,2025-02-11,1299
U0547,C016,2026-01-21,799
U0647,C005,2026-05-14,499
U0331,C009,2025-01-08,499
U0735,C018,2025-04-02,1299
U2895,C005,2025-10-18,499
U1705,C003,2026-05-03,499
U2836,C008,2025-07-31,799
U0587,C018,2025-10-05,1299
U2143,C013,2026-02-26,499
U0980,C007,2025-06-28,499
U2501,C013,2025-02-08,499
U2443,C002,2026-05-27,799
U2507,C013,2025-04-01,499
U2569,C007,2025-11-05,499
U1425,C006,2025-01-05,799
U2285,C016,2025-07-16,799
U0482,C017,2025-04-08,1299
U2536,C004,2026-06-04,799
U0899,C008,2025-08-02,799
U1133,C003,2025-07-18,499
U0462,C001,2025-06-02,499
U2807,C015,2026-05-01,499
U2038,C018,2025-06-13,1299
U2745,C012,2025-02-14,799
U0222,C016,2026-01-08,799
U1168,C006,2026-03-22,799
U1030,C012,2026-04-10,799
U0178,C005,2025-02-23,499
U2202,C018,2025-06-11,1299
U0120,C006,2026-06-12,799
U0476,C016,2025-08-29,799
U2955,C006,2025-11-30,799
U1717,C018,2025-11-30,1299
U0943,C005,2025-04-23,499
U1336,C019,2025-04-11,1299
U0972,C013,2026-02-27,499
U0820,C014,2025-08-14,799
U0302,C012,2026-05-12,799
U0223,C001,2026-03-23,499
U0594,C014,2026-04-11,799
U0730,C011,2026-01-18,499
U0559,C007,2025-07-18,499
U2589,C019,2025-10-04,1299
U0829,C009,2025-05-11,499
U0132,C006,2025-03-03,799
U1150,C004,2025-04-24,799
U1907,C015,2026-03-05,499
U0702,C020,2025-12-18,1299
U0901,C013,2025-10-30,499
U2473,C017,2025-06-24,1299
U2368,C009,2025-08-24,499
U0355,C001,2026-06-19,499
U2004,C018,2025-08-10,1299
U2424,C006,2026-04-19,799
U1144,C002,2026-03-15,799
U1011,C001,2025-12-02,499
U1779,C019,2025-08-16,1299
U2424,C017,2025-06-02,1299
U2350,C020,2025-01-06,1299
U1712,C017,2025-02-11,1299
U1928,C016,2026-06-01,799
U0138,C016,2026-02-08,799
U1964,C002,2025-04-11,799
U1854,C005,2025-09-04,499
U0341,C009,2025-01-13,499
U2840,C019,2026-02-21,1299
U0893,C019,2026-01-03,1299
U1212,C005,2025-04-03,499
U0066,C002,2025-11-09,799
U0663,C001,2026-04-16,499
U2337,C008,2025-01-25,799
U1864,C020,2025-05-22,1299
U2881,C011,2025-07-09,499
U1518,C005,2026-04-21,499
U2884,C020,2025-01-02,1299
U2570,C012,2026-01-30,799
U2830,C016,2025-02-03,799
U1215,C009,2025-10-04,499
U2860,C013,2025-08-01,499
U2805,C001,2025-12-10,499
U0225,C004,2026-01-08,799
U0212,C020,2026-01-28,1299
U1498,C014,2025-02-11,799
U1498,C019,2025-06-29,1299
U2655,C004,2025-03-10,799
U2297,C004,2025-07-29,799
U0567,C018,2025-09-02,1299
U2211,C020,2026-05-05,1299
U2377,C009,2025-08-03,499
U0924,C003,2025-12-28,499
U1096,C015,2026-03-10,499
U1136,C016,2025-03-06,799
U1528,C002,2026-04-09,799
U1992,C011,2026-06-24,499
U0503,C006,2025-10-27,799
U1852,C004,2026-01-12,799
U2758,C020,2025-03-09,1299
U0772,C007,2026-04-14,499
U0358,C016,2026-02-05,799
U0733,C020,2025-03-20,1299
U0448,C005,2025-10-10,499
U0459,C013,2025-06-01,499
U2033,C001,2025-07-29,499
U2133,C002,2025-01-24,799
U1201,C008,2025-05-16,799
U1942,C010,2026-03-07,799
U1819,C013,2025-01-22,499
U1195,C010,2025-03-06,799
U0091,C016,2025-08-26,799
U2129,C020,2025-12-10,1299
U1687,C013,2025-12-18,499
U2686,C003,2025-12-01,499
U1992,C014,2026-04-01,799
U1876,C015,2025-05-16,499
U1256,C003,2025-09-24,499
U0929,C018,2026-01-16,1299
U1181,C018,2025-02-18,1299
U0608,C019,2025-10-19,1299
U1868,C012,2025-06-14,799
U2916,C003,2025-10-20,499
U0747,C008,2025-06-07,799
U0661,C010,2025-04-30,799
U0169,C015,2025-05-10,499
U1806,C007,2026-01-14,499
U0756,C011,2025-02-05,499
U2727,C001,2025-12-19,499
U0606,C020,2026-04-05,1299
U2212,C014,2025-11-05,799
U0498,C010,2025-01-26,799
U1658,C006,2026-05-27,799
U0596,C013,2026-04-15,499
U1312,C018,2025-01-05,1299
U2238,C007,2025-12-06,499
U2652,C007,2025-10-30,499
U1942,C003,2025-10-24,499
U2350,C019,2025-05-31,1299
U2316,C014,2026-03-29,799
U1388,C018,2025-04-26,1299
U2997,C003,2025-02-11,499
U0572,C012,2025-04-30,799
U1262,C011,2026-02-16,499
U2530,C013,2025-08-14,499
U1827,C020,2025-04-05,1299
U1337,C012,2025-07-19,799
U2390,C001,2025-08-16,499
U1139,C009,2025-01-24,499
U0343,C004,2026-04-02,799
U2774,C012,2025-03-31,799
U2097,C011,2025-07-19,499
U2009,C017,2026-06-08,1299
U0230,C012,2026-01-05,799
U1629,C020,2026-03-14,1299
U1515,C008,2026-01-17,799
U0050,C011,2025-12-20,499
U1440,C016,2026-04-02,799
U2298,C014,2025-08-09,799
U2982,C004,2026-03-31,799
U1703,C008,2026-03-30,799
U1183,C014,2026-03-11,799
U2985,C016,2026-03-01,799
U0572,C016,2025-03-30,799
U0589,C018,2025-11-07,1299
U1945,C003,2026-06-22,499
U1374,C015,2026-01-20,499
U0363,C015,2026-02-24,499
U2617,C010,2025-10-07,799
U1698,C016,2026-04-19,799
U2910,C004,2025-05-21,799
U0817,C001,2026-01-26,499
U1186,C012,2026-05-18,799
U0173,C013,2025-11-06,499
U2398,C004,2026-05-21,799
U2291,C008,2026-04-20,799
U0920,C004,2025-01-03,799
U0631,C020,2025-11-04,1299
U2624,C009,2026-04-29,499
U0509,C011,2025-10-22,499
U1709,C006,2026-05-19,799
U2818,C012,2025-09-08,799
U0117,C002,2025-10-11,799
U2020,C010,2026-01-06,799
U2381,C001,2026-03-23,499
U1057,C015,2026-05-03,499
U2844,C012,2025-05-03,799
U1529,C009,2025-01-18,499
U1064,C019,2025-03-01,1299
U0599,C013,2026-04-18,499
U2840,C006,2026-01-01,799
U0669,C018,2025-10-07,1299
U1480,C016,2025-12-31,799
U0200,C004,2025-10-26,799
U2170,C007,2025-03-20,499
U2105,C003,2025-07-07,499
U0388,C008,2025-06-21,799
U2228,C007,2025-11-20,499
U2806,C019,2025-11-05,1299
U1112,C010,2026-01-07,799
U0393,C002,2025-12-27,799
U0589,C002,2025-05-21,799
U2123,C002,2026-01-17,799
U1987,C010,2025-12-15,799
U0668,C009,2025-08-12,499
U0634,C010,2025-08-15,799
U0772,C012,2026-06-23,799
U2180,C019,2025-04-27,1299
U1710,C008,2025-03-20,799
U0478,C013,2025-05-15,499
U0072,C020,2025-12-23,1299
U1277,C004,2026-01-07,799
U0570,C006,2026-03-29,799
U2448,C001,2025-12-17,499
U0706,C010,2025-11-08,799
U0118,C003,2025-05-02,499
U0911,C009,2025-05-26,499
U2819,C015,2025-11-11,499
U0514,C013,2025-05-14,499
U0322,C010,2025-04-25,799
U0319,C016,2026-05-11,799
U1767,C013,2025-07-21,499
U0442,C019,2026-06-10,1299
U2430,C013,2026-04-26,499
U0488,C004,2025-09-17,799
U0178,C019,2025-11-05,1299
U2735,C010,2025-04-09,799
U0508,C003,2025-07-30,499
U2407,C003,2025-07-24,499
U0757,C004,2025-12-26,799
U0120,C016,2025-05-30,799
U1137,C019,2025-12-23,1299
U1443,C011,2026-05-28,499
U2985,C002,2025-09-05,799
U2069,C010,2025-03-11,799
U0406,C017,2025-01-15,1299
U2167,C007,2025-07-16,499
U1155,C007,2025-01-05,499
U2972,C014,2025-08-08,799
U2066,C001,2026-05-02,499
U1502,C006,2025-07-09,799
U1801,C001,2025-04-20,499
U0741,C013,2025-12-30,499
U1555,C011,2025-08-08,499
U2107,C009,2026-02-22,499
U0463,C001,2025-11-18,499
U0507,C019,2025-04-23,1299
U2129,C015,2026-05-23,499
U1480,C004,2025-10-23,799
U2283,C002,2025-02-11,799
U0337,C011,2026-05-21,499
U0474,C012,2025-10-18,799
U1872,C003,2025-11-16,499
U2815,C003,2026-03-31,499
U0926,C004,2026-02-22,799
U1191,C012,2026-03-15,799
U0774,C016,2025-03-13,799
U1949,C010,2026-01-12,799
U0735,C016,2026-05-19,799
U2753,C017,2026-02-10,1299
U1795,C004,2025-03-29,799
U0489,C006,2026-02-09,799
U1641,C014,2025-04-15,799
U0692,C012,2026-01-08,799
U0816,C010,2025-07-25,799
U2437,C011,2026-02-18,499
U0503,C003,2026-03-11,499
U2971,C008,2025-10-13,799
U2923,C002,2025-10-07,799
U2638,C008,2026-02-14,799
U1459,C020,2026-02-19,1299
U1985,C003,2025-10-13,499
U0604,C011,2026-04-11,499
U0443,C002,2025-09-14,799
U2005,C018,2025-08-25,1299
U2574,C020,2025-05-18,1299
U0122,C006,2025-02-24,799
U0280,C008,2025-01-28,799
U0734,C010,2025-12-01,799
U0626,C002,2025-04-09,799
U0314,C002,2026-06-17,799
U2017,C004,2026-04-23,799
U0828,C004,2026-05-25,799
U2009,C005,2025-09-25,499
U2222,C001,2025-01-19,499
U0130,C020,2025-05-02,1299
U1572,C002,2025-11-19,799
U1542,C009,2026-04-16,499
U0148,C004,2025-07-01,799
U2281,C013,2025-11-07,499
U2893,C016,2026-05-19,799
U1765,C005,2025-11-16,499
U2932,C010,2026-05-15,799
U0449,C020,2026-05-18,1299
U2704,C009,2026-04-27,499
U1950,C017,2025-06-10,1299
U2076,C001,2026-02-05,499
U1079,C019,2026-01-22,1299
U2527,C016,2025-12-28,799
U1166,C018,2025-03-04,1299
U0116,C013,2025-02-16,499
U0526,C014,2026-01-11,799
U1429,C013,2025-01-28,499
U2561,C011,2026-01-25,499
U0399,C015,2025-12-20,499
U1464,C004,2025-12-26,799
U0232,C018,2025-09-08,1299
U1015,C019,2025-11-16,1299
U2428,C012,2025-03-09,799
U1249,C008,2025-12-12,799
U0696,C007,2025-11-30,499
U0154,C005,2026-03-09,499
U2327,C019,2026-03-08,1299
U1093,C003,2026-04-26,499
U2409,C020,2025-11-21,1299
U1548,C002,2026-02-04,799
U1321,C011,2025-04-11,499
U2001,C005,2025-07-30,499
U1377,C010,2026-05-30,799
U2734,C011,2025-06-20,499
U2519,C003,2026-01-08,499
U1786,C006,2026-05-24,799
U2603,C011,2025-03-19,499
U2195,C016,2025-10-22,799
U1087,C008,2025-11-01,799
U2350,C019,2025-08-20,1299
U2559,C001,2025-04-05,499
U2940,C016,2025-04-08,799
U2425,C013,2025-10-07,499
U0276,C004,2026-05-02,799
U1750,C012,2025-12-22,799
U0315,C001,2025-11-06,499
U2068,C014,2025-11-04,799
U1774,C008,2025-11-17,799
U0820,C007,2026-02-16,499
U1030,C003,2026-06-12,499
U1857,C009,2025-07-04,499
U0077,C004,2026-06-13,799
U0765,C012,2026-05-27,799
U0873,C014,2026-04-24,799
U1098,C006,2026-03-21,799
U2319,C013,2025-03-03,499
U2140,C011,2026-01-09,499
U1895,C017,2025-09-04,1299
U0617,C005,2025-11-04,499
U1784,C002,2025-11-23,799
U0264,C020,2025-07-28,1299
U1690,C013,2025-10-21,499
U2647,C007,2025-09-20,499
U2814,C012,2025-08-30,799
U1663,C002,2025-04-27,799
U0615,C014,2025-01-29,799
U1006,C016,2025-11-14,799
U1902,C017,2026-03-23,1299
U1729,C018,2025-02-07,1299
U0828,C002,2025-10-07,799
U0559,C016,2025-09-22,799
U1138,C002,2025-06-30,799
U2640,C011,2025-02-13,499
U2960,C005,2025-01-21,499
U0227,C007,2025-03-27,499
U1286,C019,2025-11-02,1299
U0261,C003,2026-02-21,499
U1489,C010,2025-04-03,799
U1626,C015,2025-05-24,499
U0967,C010,2026-05-28,799
U0495,C004,2026-06-22,799
U1032,C018,2025-04-03,1299
U0976,C017,2025-05-06,1299
U1284,C011,2026-02-04,499
U0967,C013,2026-03-10,499
U0893,C006,2025-04-20,799
U0718,C003,2025-10-09,499
U1801,C010,2025-09-18,799
U2415,C007,2026-05-18,499
U2186,C007,2025-04-26,499
U1297,C019,2026-03-10,1299
U1946,C007,2025-09-10,499
U1138,C003,2025-05-29,499
U1487,C006,2026-01-12,799
U1263,C020,2025-02-05,1299
U2713,C007,2025-02-25,499
U2830,C009,2025-09-03,499
U1037,C002,2026-01-29,799
U1267,C004,2026-01-07,799
U2807,C007,2025-08-31,499
U1813,C015,2025-01-09,499
U1610,C015,2025-09-19,499
U1233,C010,2025-08-30,799
U1219,C001,2025-06-14,499
U1798,C019,2025-11-21,1299
U2640,C014,2025-02-04,799
U1123,C009,2025-03-24,499
U2014,C002,2026-02-27,799
U1363,C007,2026-03-09,499
U0412,C006,2025-06-14,799
U2861,C014,2026-06-03,799
U0272,C014,2026-03-07,799
U2467,C001,2025-12-01,499
U1857,C001,2025-01-29,499
U0214,C010,2025-07-08,799
U2582,C002,2025-05-20,799
U0013,C005,2025-07-24,499
U2574,C004,2025-11-18,799
U2359,C007,2025-04-24,499
U0647,C017,2026-06-13,1299
U2923,C016,2025-05-14,799
U2434,C009,2026-02-25,499
U1309,C015,2026-05-05,499
U0547,C011,2025-06-27,499
U2816,C014,2025-12-02,799
U1155,C015,2025-03-28,499
U1698,C001,2025-07-06,499
U1612,C007,2026-01-22,499
U2337,C007,2025-01-22,499
U0095,C004,2025-08-23,799
U0365,C012,2025-07-23,799
U1073,C007,2025-06-22,499
U0204,C007,2026-03-16,499
U2460,C004,2025-06-02,799
U0365,C019,2025-06-24,1299
U2324,C010,2025-01-15,799
U2944,C011,2026-03-22,499
U1859,C014,2026-05-22,799
U0486,C007,2025-07-28,499
U0781,C015,2025-09-30,499
U1180,C010,2026-05-22,799
U1565,C015,2026-03-18,499
U0847,C003,2025-08-09,499
U1160,C011,2025-07-13,499
U1714,C004,2026-02-23,799
U0598,C019,2025-10-25,1299
U1073,C006,2026-04-07,799
U1018,C009,2026-04-15,499
U0352,C002,2026-04-26,799
U0546,C004,2025-11-28,799
U2839,C002,2025-08-06,799
U2922,C010,2026-03-10,799
U2447,C018,2025-03-16,1299
U0391,C014,2025-03-02,799
U0214,C007,2025-08-29,499
U1929,C005,2025-12-29,499
U2484,C016,2025-02-16,799
U0022,C004,2026-06-01,799
U2539,C008,2025-11-06,799
U1617,C020,2026-01-15,1299
U0542,C005,2025-02-12,499
U2378,C006,2025-09-24,799
U0696,C004,2026-05-20,799
U1390,C005,2026-04-25,499
U0541,C012,2025-11-21,799
U2910,C019,2026-03-20,1299
U0581,C016,2025-04-30,799
U1284,C013,2025-05-11,499
U2045,C008,2025-10-15,799
U1477,C014,2026-03-17,799
U1159,C002,2025-09-27,799
U2511,C005,2025-09-28,499
U2118,C005,2026-03-23,499
U0676,C013,2026-05-19,499
U0620,C012,2026-03-27,799
U0218,C015,2025-06-02,499
U0224,C019,2025-07-07,1299
U0147,C018,2025-09-24,1299
U0670,C010,2026-04-24,799
U1788,C013,2026-05-22,499
U0168,C015,2026-01-01,499
U2905,C019,2026-05-12,1299
U1875,C001,2025-04-26,499
U2949,C011,2025-06-01,499
U0507,C016,2025-04-06,799
U0835,C020,2025-10-18,1299
U0740,C017,2025-06-22,1299
U2084,C005,2025-10-07,499
U2308,C020,2025-08-06,1299
U2391,C005,2026-06-23,499
U2338,C003,2026-03-03,499
U0315,C011,2026-05-26,499
U2773,C007,2025-12-03,499
U0107,C008,2025-05-05,799
U1615,C017,2025-04-19,1299
U1326,C003,2025-01-30,499
U0333,C018,2026-05-07,1299
U1860,C004,2025-10-03,799
U2434,C007,2025-01-06,499
U1350,C018,2026-04-09,1299
U1331,C010,2025-05-13,799
U0866,C004,2025-02-19,799
U2637,C017,2025-11-27,1299
U0228,C008,2025-03-14,799
U2242,C012,2026-01-26,799
U0380,C011,2025-09-19,499
U0730,C013,2026-02-13,499
U0366,C016,2025-08-02,799
U0668,C015,2026-02-17,499
U1168,C015,2025-06-07,499
U0494,C015,2026-05-18,499
U1771,C016,2025-11-14,799
U2806,C004,2025-05-15,799
U1471,C006,2025-04-09,799
U1506,C004,2025-07-24,799
U2006,C018,2026-02-02,1299
U1952,C020,2026-03-10,1299
U0370,C019,2026-03-09,1299
U1509,C004,2025-07-10,799
U1779,C006,2026-03-13,799
U0381,C006,2026-06-10,799
U1400,C019,2025-08-18,1299
U2653,C020,2025-06-08,1299
U2029,C012,2026-06-22,799
U0344,C007,2026-04-25,499
U1792,C016,2026-05-05,799
U1231,C003,2025-05-11,499
U2803,C018,2025-11-04,1299
U1019,C013,2026-03-14,499
U1211,C009,2025-02-18,499
U2257,C001,2025-02-16,499
U2103,C008,2026-06-07,799
U1741,C016,2025-04-07,799
U1904,C020,2025-09-17,1299
U1456,C015,2025-03-25,499
U2063,C004,2025-04-27,799
U2710,C020,2025-07-03,1299
U0747,C016,2026-02-07,799
U0186,C001,2026-03-03,499
U2886,C003,2025-11-18,499
U2406,C001,2026-04-11,499
U2746,C007,2025-09-29,499
U1399,C019,2025-07-11,1299
U0865,C019,2025-03-22,1299
U2475,C006,2025-04-19,799
U1777,C004,2025-01-19,799
U0024,C004,2025-04-30,799
U0055,C019,2026-05-04,1299
U1885,C012,2026-02-19,799
U2695,C004,2026-05-14,799
U1241,C011,2026-01-05,499
U2829,C018,2026-02-09,1299
U1240,C015,2025-05-09,499
U0554,C001,2025-07-15,499
U0459,C011,2025-01-17,499
U2851,C006,2025-01-28,799
U0858,C007,2025-05-29,499
U2662,C017,2026-03-23,1299
U2565,C017,2025-07-15,1299
U0353,C004,2026-04-20,799
U0607,C010,2026-03-09,799
U0090,C005,2025-06-20,499
U0625,C002,2026-04-01,799
U1987,C017,2025-01-21,1299
U1842,C004,2025-09-06,799
U0825,C018,2026-02-06,1299
U0209,C018,2025-01-09,1299
U0421,C002,2026-03-19,799
U1703,C016,2026-05-23,799
U2371,C015,2025-10-25,499
U0152,C009,2026-02-14,499
U1992,C010,2026-05-15,799
U0950,C005,2025-03-04,499
U2164,C020,2026-03-09,1299
U2361,C006,2025-03-07,799
U1098,C001,2026-03-04,499
U1939,C012,2026-05-22,799
U2551,C016,2025-12-22,799
U1837,C006,2026-03-23,799
U0086,C002,2025-10-22,799
U2975,C008,2026-04-26,799
U1409,C020,2025-08-26,1299
U2080,C003,2025-12-14,499
U2467,C019,2026-04-25,1299
U0538,C003,2025-10-28,499
U2962,C014,2026-02-04,799
U1708,C016,2026-01-04,799
U1935,C017,2025-06-15,1299
U2548,C001,2025-10-17,499
U2830,C006,2025-03-30,799
U2733,C015,2025-05-13,499
U0710,C006,2025-06-10,799
U2482,C016,2025-04-14,799
U1704,C014,2026-05-21,799
U1244,C014,2025-08-03,799
U2281,C020,2025-01-19,1299
U1470,C007,2025-09-25,499
U1463,C015,2025-06-12,499
U0716,C001,2026-05-31,499
U0131,C008,2025-03-07,799
U1384,C005,2025-04-27,499
U2530,C009,2025-05-04,499
U2302,C011,2026-05-14,499
U1057,C007,2025-12-30,499
U0192,C019,2025-10-01,1299
U0620,C009,2026-06-12,499
U2476,C002,2025-04-17,799
U2894,C012,2026-03-25,799
U1873,C012,2025-04-24,799
U0434,C007,2025-04-15,499
U2304,C001,2026-06-04,499
U0432,C003,2025-05-01,499
U0842,C006,2026-01-06,799
U0644,C015,2025-10-27,499
U2901,C016,2026-06-03,799
U2042,C014,2025-04-12,799
U0632,C011,2026-01-08,499
U1371,C010,2025-05-22,799
U0504,C001,2025-07-26,499
U1799,C001,2025-01-07,499
U1005,C017,2026-05-01,1299
U1399,C008,2026-06-02,799
U0702,C018,2025-09-30,1299
U1526,C015,2026-03-01,499
U1478,C013,2025-09-09,499
U0621,C017,2026-03-08,1299
U0935,C003,2026-03-16,499
U1694,C006,2026-02-24,799
U1880,C010,2026-06-13,799
U2795,C015,2025-01-31,499
U1813,C004,2025-01-11,799
U2940,C005,2026-06-14,499
U0286,C010,2025-12-13,799
U1290,C015,2025-06-18,499
U1778,C017,2026-02-07,1299
U0152,C001,2025-06-04,499
U2354,C004,2026-06-17,799
U1212,C012,2026-02-16,799
U2789,C003,2025-11-08,499
U2956,C008,2025-11-18,799
U1410,C005,2025-10-14,499
U2162,C008,2025-05-31,799
U2869,C016,2026-04-02,799
U2638,C011,2026-03-29,499
U2857,C001,2026-02-19,499
U0809,C007,2025-11-05,499
U0346,C017,2025-12-09,1299
U1598,C004,2025-05-10,799
U2132,C017,2025-10-18,1299
U0876,C009,2026-06-08,499
U2261,C018,2026-06-18,1299
U1396,C015,2025-06-13,499
U0096,C007,2025-09-22,499
U0989,C009,2025-11-08,499
U2976,C018,2026-06-02,1299
U0453,C004,2025-03-03,799
U1528,C006,2026-06-04,799
U1452,C005,2025-02-18,499
U2667,C002,2025-05-08,799
U1839,C001,2025-01-06,499
U1857,C014,2025-08-30,799
U2383,C007,2025-08-28,499
U1435,C017,2025-10-19,1299
U2732,C018,2025-05-24,1299
U2926,C011,2026-06-17,499
U1015,C004,2025-12-02,799
U2116,C016,2025-07-17,799
U1480,C007,2025-04-11,499
U0601,C007,2026-03-12,499
U1688,C008,2025-04-05,799
U0255,C009,2025-05-14,499
U1951,C017,2026-04-02,1299
U0320,C013,2026-06-23,499
U1650,C011,2026-06-16,499
U1618,C018,2025-09-28,1299
U2394,C018,2026-03-10,1299
U1803,C019,2026-05-17,1299
U2998,C015,2025-06-16,499
U0592,C018,2025-05-11,1299
U1986,C019,2026-04-14,1299
U0530,C007,2026-06-10,499
U2168,C004,2025-08-06,799
U1866,C001,2025-02-03,499
U0643,C018,2026-01-14,1299
U0487,C019,2026-02-23,1299
U0452,C002,2026-01-14,799
U2342,C020,2025-02-11,1299
U2142,C010,2025-05-01,799
U1522,C001,2026-01-19,499
U1243,C014,2026-05-13,799
U0115,C020,2025-05-27,1299
U0583,C019,2026-03-08,1299
U0200,C012,2025-11-09,799
U1162,C015,2025-07-07,499
U2003,C013,2025-05-06,499
U2243,C005,2025-03-11,499
U0184,C005,2026-05-08,499
U2348,C005,2026-04-09,499
U1384,C017,2026-01-22,1299
U1947,C008,2025-05-16,799
U0568,C005,2026-04-17,499
U1843,C002,2026-04-05,799
U0611,C004,2025-11-30,799
U0366,C001,2026-02-24,499
U1587,C017,2026-02-09,1299
U1389,C019,2025-02-16,1299
U2747,C011,2026-03-30,499
U1137,C011,2025-04-01,499
U0679,C004,2025-01-26,799
U2343,C008,2025-11-13,799
U2299,C014,2025-05-07,799
U2638,C018,2025-03-29,1299
U0789,C017,2025-02-24,1299
U2336,C004,2025-07-13,799
U1950,C020,2025-01-20,1299
U0493,C018,2025-07-04,1299
U0078,C013,2025-07-30,499
U1005,C015,2026-03-31,499
U0347,C009,2025-11-25,499
U1646,C010,2025-02-16,799
U2014,C018,2025-01-24,1299
U1393,C018,2025-07-04,1299
U1700,C016,2026-06-25,799
U1300,C020,2025-09-21,1299
U0373,C001,2025-04-12,499
U2220,C007,2025-10-20,499
U0590,C017,2025-09-19,1299
U0368,C015,2025-11-11,499
U1669,C004,2025-06-23,799
U0242,C007,2025-11-30,499
U0744,C004,2025-03-01,799
U1221,C014,2025-04-12,799
U1311,C013,2026-02-27,499
U1328,C013,2026-01-20,499
U0496,C007,2025-07-27,499
U0982,C008,2025-08-31,799
U2020,C001,2026-06-01,499
U1578,C013,2025-04-28,499
U1104,C004,2025-11-22,799
U1904,C005,2026-02-21,499
U0269,C018,2025-01-30,1299
U1670,C012,2025-08-28,799
U0077,C012,2025-04-14,799
U1009,C014,2025-05-09,799
U1248,C013,2026-02-21,499
U1827,C018,2026-05-28,1299
U0834,C016,2025-05-26,799
U1530,C001,2025-06-22,499
U1005,C016,2026-03-10,799
U2274,C018,2025-02-12,1299
U0005,C005,2026-04-21,499
U2543,C009,2025-06-21,499
U0003,C002,2026-05-09,799
U1120,C016,2025-09-14,799
U2786,C013,2025-12-26,499
U2590,C002,2026-06-07,799
U1153,C008,2025-06-15,799
U2188,C014,2025-03-13,799
U1232,C004,2026-02-09,799
U2861,C019,2025-05-24,1299
U2970,C019,2025-10-14,1299
U1770,C007,2026-06-01,499
U1304,C001,2025-12-17,499
U2602,C017,2026-04-09,1299
U1119,C019,2025-11-26,1299
U1400,C012,2026-04-16,799
U2456,C004,2025-01-17,799
U2834,C002,2025-01-03,799
U2494,C004,2025-01-05,799
U0040,C002,2025-06-27,799
U1693,C018,2026-05-16,1299
U1609,C014,2025-03-25,799
U2659,C002,2025-03-21,799
U2207,C018,2026-04-01,1299
U2754,C009,2025-12-28,499
U1542,C017,2026-01-02,1299
U1585,C012,2025-01-09,799
U0512,C009,2026-01-15,499
U0791,C016,2025-01-10,799
U0908,C018,2025-01-21,1299
U1152,C010,2026-01-02,799
U0785,C015,2025-11-07,499
U2941,C006,2025-08-28,799
U2023,C011,2025-02-07,499
U1150,C004,2025-08-03,799
U0030,C015,2026-02-10,499
U0455,C006,2025-10-12,799
U2332,C014,2026-05-21,799
U0699,C006,2025-07-18,799
U2703,C003,2025-06-29,499
U0268,C008,2025-05-12,799
U0267,C010,2025-09-23,799
U2335,C014,2025-08-22,799
U2143,C012,2025-10-08,799
U0786,C005,2025-01-24,499
U2839,C010,2025-09-16,799
U2789,C019,2026-04-10,1299
U0009,C018,2026-03-14,1299
U2626,C008,2025-02-23,799
U1324,C008,2026-02-21,799
U1123,C012,2026-06-15,799
U1912,C020,2026-01-06,1299
U2119,C016,2025-02-14,799
U2955,C015,2025-02-18,499
U1139,C005,2026-03-07,499
U2181,C011,2025-11-20,499
U0022,C019,2025-07-19,1299
U1371,C008,2025-01-26,799
U0925,C003,2026-03-10,499
U0305,C013,2025-09-13,499
U0807,C003,2025-12-04,499
U1274,C020,2025-04-10,1299
U0115,C002,2026-03-19,799
U0099,C002,2025-12-09,799
U1026,C020,2025-04-21,1299
U1940,C019,2025-12-15,1299
U0223,C010,2025-12-08,799
U2129,C016,2025-08-31,799
U0299,C008,2026-03-26,799
U0392,C003,2026-04-03,499
U2372,C020,2025-03-29,1299
U0249,C006,2025-02-04,799
U1546,C005,2025-03-08,499
U0523,C020,2026-03-29,1299
U0225,C008,2026-03-19,799
U0270,C003,2025-02-27,499
U2291,C006,2025-10-29,799
U1563,C007,2025-04-09,499
U2529,C006,2026-02-25,799
U0955,C005,2025-01-11,499
U1858,C020,2026-04-21,1299
U1754,C015,2025-04-14,499
U1392,C020,2025-01-27,1299
U1860,C005,2025-12-03,499
U2408,C012,2025-04-21,799
U0421,C001,2025-03-11,499
U2429,C017,2025-07-18,1299
U2348,C009,2026-06-06,499
U1050,C004,2026-03-08,799
U1972,C013,2026-04-01,499
U0762,C018,2025-05-21,1299
U0181,C004,2025-05-11,799
U1277,C018,2026-03-23,1299
U2102,C015,2026-01-02,499
U1275,C005,2025-05-30,499
U0604,C011,2025-11-13,499
U2472,C008,2025-10-26,799
U1511,C016,2026-06-15,799
U2403,C003,2025-05-29,499
U0235,C010,2026-06-04,799
U2292,C019,2025-02-25,1299
U1729,C012,2025-07-20,799
U0821,C006,2025-07-26,799
U0281,C020,2025-07-13,1299
U2736,C009,2026-04-24,499
U2457,C018,2025-12-06,1299
U2370,C006,2025-12-10,799
U2524,C004,2026-03-05,799
U1347,C002,2025-04-18,799
U1861,C019,2025-02-13,1299
U2032,C001,2025-01-04,499
U2617,C018,2025-08-24,1299
U1911,C003,2025-08-07,499
U0980,C018,2025-12-06,1299
U1540,C013,2026-02-14,499
U0755,C019,2025-01-07,1299
U1487,C016,2025-03-17,799
U1466,C005,2025-04-28,499
U0584,C017,2026-03-27,1299
U0797,C002,2026-01-04,799
U0180,C008,2025-07-23,799
U0811,C020,2025-06-28,1299
U0897,C008,2025-09-26,799
U2945,C008,2025-12-14,799
U2272,C005,2025-07-02,499
U0803,C001,2025-06-30,499
U1073,C012,2025-04-14,799
U0086,C017,2025-05-21,1299
U1553,C019,2025-04-24,1299
U1387,C002,2025-08-04,799
U1250,C014,2025-09-03,799
U1515,C007,2026-01-17,499
U2708,C002,2026-06-24,799
U2553,C001,2026-03-21,499
U2913,C011,2025-05-02,499
U0592,C013,2025-05-14,499
U0777,C019,2026-01-23,1299
U2845,C015,2025-11-22,499
U2456,C005,2025-09-08,499
U0190,C016,2025-07-13,799
U2194,C009,2025-06-02,499
U1343,C005,2025-02-24,499
U2579,C002,2025-10-14,799
U0518,C015,2026-06-05,499
U2393,C008,2026-05-16,799
U0858,C018,2025-03-25,1299
U1928,C004,2025-03-08,799
U0686,C020,2026-02-02,1299
U2643,C002,2026-06-06,799
U1533,C005,2026-06-16,499
U1902,C008,2025-11-26,799
U2919,C014,2026-06-23,799
U2845,C012,2026-05-22,799
U1941,C019,2026-02-15,1299
U2614,C013,2025-02-07,499
U0849,C020,2025-07-27,1299
U1852,C007,2025-08-29,499
U1622,C019,2025-11-10,1299
U1741,C015,2026-01-22,499
U2341,C005,2026-01-19,499
U1043,C001,2025-03-28,499
U0551,C020,2025-03-28,1299
U1209,C016,2026-06-16,799
U1441,C001,2025-02-12,499
U1906,C014,2025-12-11,799
U1746,C001,2026-04-24,499
U1772,C010,2026-01-12,799
U2038,C004,2025-10-07,799
U1567,C004,2025-07-03,799
U1810,C017,2025-09-29,1299
U2644,C003,2026-01-03,499
U0338,C020,2026-05-29,1299
U2101,C012,2025-03-22,799
U1133,C003,2025-08-22,499
U0404,C020,2025-03-15,1299
U1476,C001,2025-07-25,499
U1368,C001,2025-12-04,499
U1025,C002,2025-10-09,799
U0781,C005,2025-05-22,499
U2934,C004,2025-09-25,799
U0035,C004,2025-11-03,799
U1155,C009,2025-12-21,499
U1655,C015,2026-02-20,499
U2376,C002,2025-01-13,799
U1934,C014,2026-06-09,799
U0612,C001,2026-02-12,499
U0933,C015,2025-08-03,499
U1944,C013,2026-06-13,499
U2405,C005,2026-04-25,499
U2960,C011,2026-04-18,499
U1396,C004,2025-03-29,799
U1283,C005,2025-07-12,499
U1757,C016,2026-03-04,799
U0859,C004,2026-04-06,799
U2288,C011,2026-01-19,499
U0570,C009,2025-05-12,499
U1252,C010,2025-01-10,799
U2048,C004,2025-12-30,799
U1392,C020,2026-03-06,1299
U1744,C014,2026-02-18,799
U2829,C019,2025-11-03,1299
U1336,C008,2025-01-24,799
U2325,C019,2025-02-02,1299
U0570,C012,2025-12-05,799
U2328,C019,2026-02-05,1299
U1562,C011,2026-02-05,499
U0261,C010,2026-01-31,799
U0772,C015,2025-04-22,499
U1347,C019,2026-04-08,1299
U2618,C009,2025-11-08,499
U0382,C020,2025-04-17,1299
U2765,C006,2025-07-01,799
U0132,C018,2026-05-16,1299
U0110,C013,2025-07-23,499
U0285,C014,2026-01-31,799
U1163,C010,2025-08-27,799
U1193,C003,2026-06-21,499
U0287,C003,2025-02-28,499
U1510,C005,2025-01-12,499
U0704,C004,2026-02-25,799
U1602,C013,2025-04-24,499
U0529,C012,2026-03-05,799
U1959,C005,2025-03-12,499
U1594,C011,2025-07-31,499
U0533,C009,2025-07-30,499
U1269,C008,2026-05-02,799
U0651,C010,2025-11-14,799
U2407,C020,2026-05-30,1299
U2936,C001,2026-04-15,499
U1129,C002,2025-01-08,799
U0585,C007,2025-03-07,499
U1636,C009,2025-09-10,499
U2154,C014,2026-05-18,799
U1885,C011,2025-02-10,499
U0374,C007,2026-04-13,499
U1421,C010,2025-11-01,799
U1602,C006,2025-06-29,799
U1701,C010,2025-07-03,799
U2531,C008,2026-03-19,799
U1876,C016,2025-07-07,799
U2862,C003,2025-04-08,499
U1612,C017,2025-02-14,1299
U0982,C019,2025-06-11,1299
U1122,C014,2025-10-26,799
U2731,C003,2025-03-10,499
U2860,C017,2025-08-11,1299
U2022,C009,2025-05-05,499
U1511,C003,2025-04-18,499
U2067,C015,2025-11-30,499
U1680,C009,2025-06-18,499
U1036,C020,2026-06-03,1299
U0183,C016,2025-01-28,799
U0300,C018,2026-04-18,1299
U1562,C019,2026-02-13,1299
U0797,C018,2025-02-08,1299
U0044,C002,2025-04-28,799
U2905,C001,2025-05-20,499
U1340,C020,2026-04-21,1299
U1986,C002,2025-03-11,799
U0339,C014,2025-09-06,799
U2923,C002,2026-03-25,799
U0575,C011,2025-10-13,499
U0661,C015,2025-01-19,499
U2487,C016,2025-07-01,799
U1205,C009,2026-02-05,499
U0690,C013,2025-01-12,499
U2775,C018,2025-06-07,1299
U1805,C019,2025-07-02,1299
U0888,C013,2025-02-05,499
U2765,C015,2025-08-10,499
U1811,C017,2025-02-18,1299
U2601,C004,2026-06-20,799
U2626,C008,2025-04-16,799
U1600,C003,2025-11-12,499
U1819,C002,2025-01-05,799
U0200,C014,2026-01-22,799
U0827,C007,2025-09-13,499
U1535,C014,2025-09-02,799
U0820,C011,2025-01-17,499
U1728,C003,2025-01-15,499
U1381,C014,2025-07-16,799
U2786,C012,2025-03-06,799
U0904,C008,2025-04-09,799
U2721,C019,2025-06-21,1299
U0181,C010,2026-06-09,799
U0442,C006,2025-12-01,799
U1322,C018,2025-07-14,1299
U2559,C016,2026-02-09,799
U1753,C001,2025-08-26,499
U0876,C008,2026-01-01,799
U1325,C020,2025-01-16,1299
U1648,C012,2025-11-20,799
U0050,C005,2025-08-06,499
U1880,C017,2025-03-09,1299
U2696,C012,2025-10-13,799
U2663,C005,2026-01-13,499
U0180,C001,2025-08-12,499
U1684,C018,2026-05-27,1299
U0418,C009,2025-06-25,499
U1032,C003,2025-11-29,499
U2585,C006,2026-02-02,799
U2777,C008,2025-05-17,799
U1361,C005,2025-11-22,499
U2730,C008,2025-03-11,799
U1373,C003,2026-04-05,499
U1567,C001,2025-08-27,499
U2063,C016,2025-01-14,799
U0953,C008,2025-05-08,799
U1266,C003,2026-03-15,499
U0998,C006,2025-03-23,799
U0246,C017,2026-01-19,1299
U2043,C003,2025-07-26,499
U0622,C002,2025-07-29,799
U2630,C011,2025-09-01,499
U2971,C004,2026-03-31,799
U1347,C020,2025-10-12,1299
U1301,C008,2025-02-10,799
U2134,C008,2026-03-01,799
U2655,C005,2025-10-23,499
U0098,C009,2025-12-06,499
U1404,C001,2025-07-30,499
U2210,C007,2025-09-12,499
U2816,C002,2025-08-16,799
U2491,C016,2026-01-26,799
U2136,C001,2025-07-07,499
U1812,C020,2025-01-07,1299
U0265,C009,2026-05-19,499
U0287,C017,2025-07-17,1299
U0214,C005,2025-05-25,499
U0837,C008,2025-04-04,799
U0712,C010,2025-07-29,799
U0968,C016,2025-03-22,799
U1746,C014,2026-04-24,799
U1276,C012,2025-07-22,799
U1004,C003,2025-06-30,499
U2482,C014,2025-11-07,799
U1169,C014,2026-04-05,799
U2604,C006,2025-10-06,799
U1971,C002,2026-01-04,799
U1632,C010,2025-06-21,799
U1929,C005,2026-03-09,499
U2070,C019,2026-03-20,1299
U0639,C013,2026-05-09,499
U0082,C004,2026-01-26,799
U1751,C003,2025-03-27,499
U1230,C006,2025-06-06,799
U2265,C017,2025-06-29,1299
U1054,C006,2026-04-20,799
U1253,C003,2025-10-18,499
U1537,C007,2026-05-08,499
U0295,C020,2025-05-20,1299
U2929,C009,2025-07-20,499
U0634,C003,2025-07-14,499
U0018,C009,2026-05-28,499
U2992,C011,2026-01-19,499
U2013,C017,2026-03-02,1299
U1617,C018,2026-01-18,1299
U1574,C004,2025-11-12,799
U2626,C020,2025-03-14,1299
U1675,C007,2025-02-09,499
U0510,C003,2025-06-16,499
U0796,C010,2026-03-23,799
U1046,C008,2025-12-23,799
U2088,C020,2026-05-16,1299
U2601,C011,2026-01-13,499
U2853,C005,2026-01-30,499
U1737,C018,2025-09-10,1299
U0993,C017,2025-02-05,1299
U1481,C017,2025-01-29,1299
U2857,C011,2025-06-01,499
U1071,C003,2026-04-12,499
U2790,C016,2025-09-18,799
U1014,C007,2025-06-15,499
U0051,C008,2025-04-05,799
U2640,C002,2026-01-29,799
U1629,C014,2025-03-24,799
U2124,C010,2025-07-13,799
U1733,C013,2026-03-14,499
U1036,C016,2025-11-06,799
U2051,C018,2026-01-27,1299
U2401,C005,2026-02-26,499
U2981,C003,2025-04-02,499
U0448,C020,2025-12-19,1299
U0585,C009,2025-08-03,499
U1631,C014,2025-11-12,799
U0027,C009,2026-05-19,499
U0007,C020,2025-03-13,1299
U2853,C001,2026-06-22,499
U1708,C006,2025-10-23,799
U1766,C002,2025-06-30,799
U1535,C014,2025-05-18,799
U0812,C019,2025-07-06,1299
U2059,C009,2025-04-23,499
U1846,C018,2025-08-06,1299
U0761,C011,2025-03-02,499
U0749,C009,2025-07-16,499
U1063,C016,2026-02-23,799
U1806,C013,2025-04-22,499
U2607,C010,2025-03-23,799
U1201,C009,2026-01-22,499
U0511,C010,2025-03-07,799
U1402,C002,2025-08-29,799
U1958,C005,2025-04-14,499
U0039,C001,2025-09-30,499
U0030,C018,2025-02-12,1299
U0397,C016,2026-06-19,799
U0030,C010,2026-06-17,799
U1089,C014,2026-05-13,799
U1939,C013,2025-12-12,499
U2476,C011,2025-12-11,499
U1519,C016,2025-12-18,799
U1292,C013,2025-09-03,499
U1480,C004,2026-02-13,799
U1551,C009,2025-02-28,499
U1459,C019,2025-12-05,1299
U0411,C004,2026-04-13,799
U2861,C002,2025-05-23,799
U0106,C001,2025-05-06,499
U2174,C016,2025-09-12,799
U1510,C010,2026-05-02,799
U2110,C009,2025-07-12,499
U0013,C019,2025-11-26,1299
U0069,C004,2026-01-04,799
U0188,C017,2025-11-30,1299
U2777,C015,2025-08-28,499
U2486,C012,2026-02-14,799
U2510,C004,2025-03-25,799
U1427,C009,2026-05-03,499
U2697,C004,2025-04-13,799
U1577,C006,2025-07-19,799
U2917,C017,2026-06-17,1299
U2343,C005,2026-06-01,499
U0131,C003,2026-05-25,499
U0357,C015,2026-04-24,499
U0689,C011,2026-04-02,499
U0474,C020,2025-09-04,1299
U0997,C018,2025-06-24,1299
U2703,C014,2025-04-02,799
U0433,C009,2025-01-30,499
U0657,C014,2025-12-01,799
U1571,C019,2025-10-15,1299
U0903,C009,2025-09-21,499
U2728,C020,2025-05-07,1299
U2726,C020,2026-05-19,1299
U0371,C011,2025-12-07,499
U0917,C015,2025-03-08,499
U2638,C016,2026-01-22,799
U2939,C012,2026-01-26,799
U2679,C004,2026-03-24,799
U0956,C018,2025-09-23,1299
U0474,C017,2025-03-31,1299
U0457,C010,2025-12-15,799
U2426,C001,2025-07-12,499
U0476,C003,2026-01-12,499
U0522,C018,2025-11-17,1299
U1558,C016,2025-01-02,799
U1274,C009,2025-07-14,499
U1590,C013,2025-11-24,499
U1496,C015,2025-05-10,499
U2129,C016,2025-08-16,799
U0437,C005,2025-01-10,499
U2205,C009,2026-04-17,499
U1295,C014,2025-10-31,799
U0897,C009,2026-04-12,499
U0604,C010,2025-10-18,799
U0598,C001,2025-02-05,499
U2454,C003,2025-11-13,499
U2058,C010,2025-05-07,799
U1121,C016,2026-05-05,799
U2585,C020,2025-08-09,1299
U2028,C010,2026-01-21,799
U0241,C003,2025-12-08,499
U0626,C003,2025-08-04,499
U0922,C017,2025-02-23,1299
U0734,C016,2026-05-15,799
U2980,C002,2025-11-03,799
U2701,C001,2025-06-13,499
U0089,C003,2026-02-06,499
U1383,C002,2026-04-30,799
U1427,C010,2026-02-05,799
U1602,C008,2026-06-25,799
U2977,C001,2025-10-17,499
U2853,C002,2025-07-19,799
U2872,C018,2026-02-08,1299
U0399,C009,2025-11-28,499
U2378,C019,2025-02-25,1299
U2907,C008,2026-04-14,799
U2682,C019,2025-05-21,1299
U1810,C009,2026-05-10,499
U1193,C012,2025-05-29,799
U0860,C011,2025-07-20,499
U2668,C016,2026-01-06,799
U2974,C015,2025-04-15,499
U2779,C001,2025-06-01,499
U1543,C010,2026-03-14,799
U2784,C011,2025-06-22,499
U0231,C010,2025-12-31,799
U1941,C008,2025-02-23,799
U0481,C011,2025-12-13,499
U2431,C018,2025-06-02,1299
U2569,C004,2026-02-18,799
U1004,C020,2025-05-02,1299
U0987,C011,2026-05-16,499
U1240,C020,2025-06-26,1299
U2674,C011,2026-01-20,499
U2834,C019,2025-04-02,1299
U1900,C018,2026-01-27,1299
U1128,C017,2026-04-01,1299
U1505,C016,2025-05-03,799
U0478,C019,2025-05-05,1299
U2004,C011,2026-06-06,499
U0922,C009,2026-05-07,499
U1122,C003,2025-04-07,499
U2429,C016,2026-01-29,799
U1984,C003,2026-03-21,499
U1223,C006,2025-05-09,799
U0408,C003,2025-03-07,499
U2924,C011,2025-07-09,499
U1661,C009,2025-01-21,499
U1613,C013,2026-05-16,499
U0262,C004,2025-05-08,799
U0850,C017,2025-05-01,1299
U0741,C001,2025-07-04,499
U0022,C016,2026-04-03,799
U1288,C019,2025-02-10,1299
U0528,C018,2025-07-31,1299
U2674,C006,2025-03-31,799
U2304,C004,2025-02-05,799
U0347,C003,2026-06-03,499
U1223,C020,2025-06-25,1299
U1733,C018,2025-01-01,1299
U1018,C020,2025-02-17,1299
U2128,C010,2025-10-28,799
U2700,C006,2026-04-01,799
U0573,C019,2026-05-18,1299
U2848,C004,2026-06-20,799
U1443,C018,2026-06-07,1299
U0860,C001,2025-04-12,499
U2715,C009,2025-02-15,499
U0972,C016,2025-07-12,799
U0581,C005,2025-08-09,499
U0550,C016,2025-08-10,799
U2424,C001,2025-10-12,499
U0527,C001,2026-03-09,499
U0305,C011,2025-09-19,499
U1068,C020,2025-06-17,1299
U1639,C006,2025-03-27,799
U1042,C007,2026-03-12,499
U2845,C009,2025-07-28,499
U0290,C014,2025-10-03,799
U2594,C008,2025-07-17,799
U2927,C006,2026-06-08,799
U2478,C009,2026-03-06,499
U0629,C019,2026-03-21,1299
U1553,C020,2025-09-11,1299
U0318,C001,2025-05-08,499
U2177,C020,2026-02-21,1299
U0271,C009,2025-04-02,499
U1487,C020,2025-12-08,1299
U1120,C014,2025-08-20,799
U1121,C009,2025-04-11,499
U1545,C019,2026-01-23,1299
U0431,C001,2025-05-07,499
U0720,C020,2025-11-10,1299
U2412,C010,2026-05-17,799
U0392,C018,2025-12-24,1299
U2870,C012,2025-10-16,799
U2260,C004,2025-04-12,799
U0197,C004,2025-11-22,799
U1596,C011,2025-12-20,499
U2777,C010,2026-02-17,799
U1954,C003,2025-05-11,499
U1062,C012,2026-06-10,799
U2922,C013,2025-05-10,499
U0585,C008,2025-10-01,799
U0217,C018,2026-01-15,1299
U2898,C014,2025-09-13,799
U2778,C015,2026-03-05,499
U2895,C006,2025-07-07,799
U1798,C006,2026-04-25,799
U2058,C001,2025-10-10,499
U1753,C003,2025-08-23,499
U1251,C010,2025-03-31,799
U1252,C015,2025-11-17,499
U0370,C010,2025-03-23,799
U0315,C012,2025-09-03,799
U0384,C006,2025-02-28,799
U0347,C017,2025-10-20,1299
U2270,C009,2026-05-20,499
U0044,C009,2026-03-11,499
U2774,C016,2025-05-20,799
U1965,C005,2026-06-12,499
U2807,C019,2025-05-08,1299
U1661,C007,2025-07-14,499
U0030,C018,2026-03-12,1299
U2878,C018,2025-12-20,1299
U1001,C012,2026-06-25,799
U2802,C020,2025-02-13,1299
U2488,C016,2025-06-22,799
U2763,C019,2026-06-21,1299
U0922,C003,2025-03-18,499
U1504,C017,2025-05-17,1299
U2105,C004,2025-02-22,799
U1732,C009,2026-01-24,499
U0699,C006,2025-04-26,799
U1385,C015,2025-09-13,499
U2209,C001,2025-05-01,499
U1189,C011,2026-05-10,499
U1203,C018,2025-08-07,1299
U0010,C001,2026-02-08,499
U0891,C003,2025-11-09,499
U2634,C009,2025-02-06,499
U1897,C013,2026-05-15,499
U0236,C017,2025-01-07,1299
U2522,C008,2025-12-03,799
U1223,C005,2025-04-20,499
U0022,C014,2025-07-10,799
U1647,C014,2025-01-10,799
U0416,C012,2026-05-19,799
U0810,C015,2026-06-11,499
U0630,C016,2025-05-07,799
U1997,C013,2025-06-09,499
U2690,C009,2025-08-20,499
U1928,C012,2026-01-19,799
U1226,C012,2026-03-15,799
U0747,C012,2025-10-03,799
U0446,C011,2026-03-26,499
U0663,C020,2025-12-29,1299
U1778,C011,2026-01-03,499
U2905,C013,2025-04-24,499
U0777,C005,2025-02-11,499
U0548,C017,2026-03-08,1299
U1357,C003,2025-02-02,499
U0657,C003,2025-07-23,499
U1964,C007,2025-09-30,499
U0487,C015,2026-05-16,499
U2254,C019,2025-05-11,1299
U1331,C008,2026-02-14,799
U2056,C001,2026-02-03,499
U0539,C008,2025-04-21,799
U0087,C004,2025-06-09,799
U1410,C003,2025-01-14,499
U2804,C012,2025-02-23,799
U2779,C007,2025-12-17,499
U1760,C007,2025-01-09,499
U1780,C012,2025-10-24,799
U1156,C014,2025-03-26,799
U1757,C008,2025-06-06,799
U2988,C004,2025-07-11,799
U1022,C019,2025-04-28,1299
U1080,C010,2025-09-11,799
U2730,C004,2026-03-16,799
U0813,C013,2025-04-16,499
U2872,C004,2026-05-30,799
U2504,C016,2025-07-13,799
U2422,C003,2025-06-02,499
U0940,C013,2025-05-16,499
U1644,C011,2025-10-08,499
U0788,C018,2025-05-30,1299
U1747,C015,2025-07-24,499
U0373,C018,2025-02-22,1299
U1558,C012,2026-06-22,799
U1256,C014,2025-08-25,799
U0909,C011,2026-03-13,499
U1963,C005,2026-06-07,499
U1750,C017,2025-02-22,1299
U1247,C012,2025-10-03,799
U1490,C012,2025-12-26,799
U2915,C015,2025-09-10,499
U1311,C006,2025-02-18,799
U0745,C008,2025-01-01,799
U0214,C004,2025-11-26,799
U0869,C016,2026-04-29,799
U1148,C014,2025-04-14,799
U1765,C020,2025-09-16,1299
U2013,C009,2025-12-09,499
U1247,C008,2025-04-10,799
U2741,C017,2025-05-14,1299
U1357,C006,2026-01-06,799
U2413,C003,2026-01-16,499
U0976,C020,2025-10-10,1299
U0861,C012,2026-01-29,799
U0358,C016,2025-04-19,799
U0535,C012,2025-05-04,799
U0169,C012,2025-07-15,799
U0791,C016,2026-04-02,799
U0405,C006,2025-12-18,799
U1235,C020,2026-05-01,1299
U0828,C010,2025-06-07,799
U0180,C017,2025-07-16,1299
U1713,C017,2025-09-16,1299
U2296,C006,2026-01-10,799
U1837,C008,2025-05-01,799
U1787,C012,2026-05-10,799
U1717,C019,2026-05-31,1299
U0090,C005,2025-10-08,499
U2854,C017,2025-10-24,1299
U0187,C006,2025-03-04,799
U2842,C002,2026-02-12,799
U2028,C018,2026-06-10,1299
U0308,C003,2026-03-25,499
U2087,C007,2026-02-04,499
U1642,C014,2025-10-06,799
U0848,C014,2025-01-04,799
U0656,C017,2025-08-12,1299
U2426,C018,2025-01-10,1299
U2101,C007,2026-05-31,499
U2899,C012,2026-06-22,799
U1061,C019,2025-08-14,1299
U1214,C001,2025-10-02,499
U2262,C008,2025-06-25,799
U0918,C006,2025-09-01,799
U1196,C015,2025-06-01,499
U1138,C013,2025-05-17,499
U1108,C007,2025-02-22,499
U2632,C006,2025-08-04,799
U2190,C012,2025-01-02,799
U2657,C004,2026-01-13,799
U1330,C010,2025-09-28,799
U2958,C015,2026-02-23,499
U2505,C008,2025-11-29,799
U0235,C004,2025-01-11,799
U1457,C004,2025-10-14,799
U0724,C015,2025-01-17,499
U2202,C007,2025-04-19,499
U2960,C006,2026-01-27,799
U2679,C012,2025-07-31,799
U1812,C007,2025-11-29,499
U1101,C016,2026-02-09,799
U0638,C011,2025-08-26,499
U2990,C011,2026-03-21,499
U1510,C011,2026-05-06,499
U0384,C003,2025-07-05,499
U1882,C010,2025-06-30,799
U0774,C006,2026-05-18,799
U2988,C012,2025-10-16,799
U0087,C009,2025-06-16,499
U0728,C009,2026-02-08,499
U2816,C011,2025-07-12,499
U0285,C007,2025-03-15,499
U1747,C012,2026-04-11,799
U2643,C016,2025-04-13,799
U2967,C020,2025-05-21,1299
U2977,C010,2025-01-13,799
U2472,C012,2026-01-22,799
U1573,C004,2025-04-23,799
U0056,C016,2025-02-14,799
U0542,C019,2025-03-27,1299
U1097,C004,2025-01-14,799
U0039,C009,2025-04-19,499
U2222,C007,2025-12-13,499
U2898,C015,2025-07-27,499
U0571,C008,2026-03-31,799
U0669,C020,2025-12-06,1299
U1962,C004,2025-09-07,799
U0229,C004,2025-10-01,799
U2571,C014,2025-05-07,799
U0087,C008,2025-02-15,799
U0422,C015,2025-10-31,499
U0421,C001,2026-03-02,499
U0581,C001,2025-08-18,499
U0099,C004,2026-03-14,799
U1579,C006,2025-12-28,799
U2685,C006,2025-08-20,799
U2804,C012,2025-04-26,799
U2015,C020,2025-04-23,1299
U0920,C007,2025-10-16,499
U1464,C013,2025-12-08,499
U0485,C005,2025-03-28,499
U0178,C009,2025-06-04,499
U0730,C019,2025-12-09,1299
U2457,C011,2026-03-12,499
U0616,C002,2025-11-05,799
U2560,C016,2025-10-21,799
U1427,C010,2025-04-17,799
U1111,C001,2026-05-27,499
U2711,C010,2025-09-29,799
U2914,C009,2025-03-20,499
U0009,C009,2025-06-02,499
U2687,C004,2025-11-24,799
U0606,C014,2026-04-03,799
U2955,C007,2026-05-05,499
U0276,C002,2026-03-14,799
U2977,C002,2025-05-29,799
U0371,C013,2025-05-11,499
U0745,C002,2026-01-30,799
U1445,C017,2026-05-22,1299
U1737,C018,2026-02-28,1299
U2465,C004,2025-12-08,799
U0567,C005,2025-09-09,499
U1570,C002,2026-05-25,799
U2207,C015,2026-05-20,499
U2182,C017,2025-08-24,1299
U1576,C009,2026-03-08,499
U2159,C003,2025-08-13,499
U2880,C002,2025-08-29,799
U1482,C004,2025-07-28,799
U0071,C015,2026-05-01,499
U0548,C001,2025-04-23,499
U0245,C019,2025-12-24,1299
U1479,C015,2025-05-23,499
U1208,C015,2025-05-28,499
U2259,C009,2026-03-08,499
U0994,C007,2025-08-18,499
U0229,C011,2025-05-22,499
U0481,C019,2025-05-27,1299
U1547,C002,2025-01-27,799
U2852,C012,2026-01-16,799
U0222,C013,2025-04-19,499
U2715,C012,2025-03-17,799
U1954,C013,2025-06-11,499
U0124,C005,2026-01-10,499
U0579,C018,2025-09-08,1299
U0316,C004,2026-03-03,799
U0614,C009,2025-07-06,499
U1925,C015,2025-05-24,499
U2161,C012,2025-11-03,799
U1926,C014,2025-12-12,799
U1819,C003,2025-01-14,499
U1175,C001,2025-06-09,499
U0246,C007,2025-02-02,499
U2475,C012,2025-06-27,799
U2062,C019,2025-01-12,1299
U1624,C015,2026-03-10,499
U2785,C018,2026-04-11,1299
U2270,C019,2025-09-22,1299
U2344,C004,2025-11-10,799
U2906,C012,2026-03-10,799
U0643,C008,2025-04-05,799
U2137,C012,2025-05-09,799
U0868,C014,2025-02-27,799
U0897,C004,2025-07-08,799
U2291,C018,2025-03-21,1299
U2837,C003,2026-05-04,499
U1283,C020,2026-02-19,1299
U1559,C012,2025-02-25,799
U1522,C019,2026-03-11,1299
U0798,C002,2025-04-22,799
U0428,C015,2026-01-07,499
U2471,C020,2025-12-10,1299
U0115,C014,2025-10-16,799
U0667,C011,2025-04-20,499
U0268,C010,2025-01-12,799
U1267,C020,2025-07-26,1299
U2615,C005,2025-02-03,499
U0985,C016,2025-03-29,799
U2336,C007,2025-02-15,499
U2310,C018,2026-05-11,1299
U0188,C019,2025-11-19,1299
U0382,C017,2025-11-13,1299
U0035,C020,2025-10-17,1299
U1631,C013,2025-07-19,499
U1289,C015,2026-02-05,499
U2973,C009,2025-05-13,499
U2879,C003,2025-04-10,499
U1358,C003,2026-05-31,499
U0414,C008,2025-06-03,799
U0098,C005,2026-01-27,499
U1954,C014,2025-02-08,799
U1189,C008,2025-06-05,799
U2796,C008,2025-03-22,799
U2564,C012,2025-08-26,799
U0884,C001,2025-05-25,499
U2944,C006,2026-05-29,799
U2115,C008,2026-06-20,799
U1399,C005,2025-05-15,499
U1389,C014,2026-01-04,799
U2554,C018,2026-03-18,1299
U0164,C011,2026-02-01,499
U0980,C008,2025-03-18,799
U0625,C014,2026-05-25,799
U0399,C008,2025-01-16,799
U0585,C002,2025-11-13,799
U2242,C004,2025-03-31,799
U2044,C014,2026-04-11,799
U1285,C009,2025-10-30,499
U0662,C004,2025-10-14,799
U2362,C019,2025-12-28,1299
U0366,C003,2025-07-03,499
U2911,C007,2026-04-17,499
U1057,C001,2025-09-20,499
U1811,C016,2025-05-24,799
U0508,C014,2026-05-15,799
U0163,C018,2025-10-21,1299
U1643,C009,2025-05-13,499
U1806,C017,2026-06-09,1299
U2559,C013,2025-11-18,499
U1531,C008,2026-02-28,799
U2073,C011,2025-09-27,499
U2796,C011,2025-02-28,499
U1003,C020,2025-01-09,1299
U0634,C001,2025-04-18,499
U1191,C009,2025-06-12,499
U2336,C008,2025-03-16,799
U0914,C020,2026-04-19,1299
U2741,C003,2025-12-24,499
U1909,C001,2026-04-22,499
U0447,C016,2025-07-04,799
U2998,C002,2026-02-11,799
U1775,C011,2026-02-16,499
U1347,C003,2025-11-21,499
U1403,C004,2026-05-13,799
U0871,C018,2026-05-03,1299
U0469,C016,2026-04-11,799
U0157,C008,2025-06-09,799
U1925,C012,2025-08-07,799
U1312,C008,2025-02-02,799
U2463,C007,2026-01-25,499
U0256,C019,2026-01-06,1299
U1762,C013,2025-08-07,499
U0222,C007,2025-01-24,499
U2801,C003,2025-10-04,499
U1033,C015,2025-06-30,499
U0343,C004,2025-03-12,799
U1122,C005,2025-03-25,499
U1222,C006,2026-04-08,799
U1720,C002,2025-08-08,799
U2743,C020,2025-09-23,1299
U0754,C015,2025-02-25,499
U0379,C015,2026-03-15,499
U1401,C020,2025-11-01,1299
U0674,C014,2025-12-24,799
U1717,C014,2026-05-02,799
U2194,C018,2025-06-14,1299
U2854,C008,2025-12-30,799
U2839,C017,2026-02-03,1299
U0041,C019,2025-07-23,1299
U0319,C014,2025-05-29,799
U1327,C017,2025-11-21,1299
U0059,C003,2026-04-15,499
U0605,C017,2025-11-21,1299
U0466,C019,2026-02-21,1299
U1077,C003,2025-01-04,499
U1846,C013,2025-05-09,499
U2599,C007,2025-04-10,499
U0150,C006,2025-07-12,799
U1722,C009,2025-06-20,499
U2462,C006,2025-08-10,799
U1426,C014,2025-07-15,799
U2784,C004,2025-01-15,799
U1517,C016,2026-01-08,799
U0067,C003,2025-11-11,499
U2057,C009,2025-05-08,499
U2865,C006,2026-04-12,799
U1696,C007,2025-12-27,499
U1443,C010,2026-03-13,799
U2143,C014,2025-12-10,799
U0465,C003,2025-06-30,499
U1880,C015,2026-01-18,499
U0725,C014,2025-06-16,799
U2224,C013,2026-01-26,499
U1168,C009,2026-03-24,499
U2598,C015,2025-04-12,499
U0359,C013,2025-04-17,499
U0368,C009,2025-01-17,499
U2525,C002,2026-02-26,799
U0425,C011,2025-04-13,499
U2595,C004,2026-05-31,799
U2381,C009,2025-02-03,499
U2735,C007,2026-03-07,499
U0868,C002,2026-04-11,799
U2260,C005,2025-04-28,499
U0802,C016,2026-04-26,799
U0510,C015,2026-04-21,499
U1692,C014,2026-02-10,799
U0032,C009,2026-01-19,499
U0918,C001,2025-10-18,499
U1097,C007,2025-09-28,499
U1260,C004,2026-03-01,799
U2758,C004,2025-01-05,799
U1699,C009,2025-01-16,499
U0108,C020,2026-01-19,1299
U2126,C013,2025-11-22,499
U1373,C011,2026-03-17,499
U0991,C013,2026-02-05,499
U0790,C009,2026-02-07,499
U0212,C013,2026-03-16,499
U0528,C013,2026-02-04,499
U2983,C004,2026-02-17,799
U1304,C016,2025-06-12,799
U1792,C011,2025-04-12,499
U2909,C001,2025-05-10,499
U2066,C012,2026-02-06,799
U2570,C006,2025-09-24,799
U2265,C013,2025-11-27,499
U0835,C017,2025-04-06,1299
U0106,C020,2025-01-12,1299
U2576,C008,2025-06-06,799
U0114,C007,2025-03-22,499
U2343,C005,2025-01-26,499
U0535,C015,2026-01-02,499
U0765,C016,2025-08-16,799
U1217,C020,2025-09-09,1299
U2975,C013,2026-01-23,499
U1067,C003,2025-02-22,499
U1127,C002,2025-05-28,799
U2570,C001,2025-04-16,499
U0455,C015,2025-05-06,499
U0439,C020,2025-10-17,1299
U1074,C017,2025-07-04,1299
U0381,C010,2026-05-22,799
U1481,C001,2025-08-01,499
U1601,C014,2026-05-18,799
U0090,C017,2025-03-17,1299
U1993,C012,2025-03-20,799
U0862,C013,2026-03-06,499
U1538,C008,2025-11-18,799
U2596,C020,2026-04-07,1299
U0660,C013,2025-11-02,499
U0042,C002,2025-07-02,799
U2702,C012,2025-02-02,799
U0481,C007,2025-12-22,499
U1983,C007,2025-01-06,499
U0649,C007,2025-09-18,499
U0499,C018,2025-01-31,1299
U2196,C016,2026-06-15,799
U2097,C006,2025-06-06,799
U0886,C020,2026-01-09,1299
U0471,C012,2025-08-11,799
U0121,C017,2025-05-22,1299
U0901,C003,2025-05-10,499
U1097,C014,2026-05-09,799
U0817,C020,2025-04-05,1299
U1428,C003,2025-10-29,499
U1914,C009,2026-05-23,499
U1787,C008,2026-02-14,799
U0791,C012,2025-06-27,799
U0811,C010,2025-10-15,799
U1610,C010,2025-11-16,799
U0679,C001,2025-07-30,499
U2958,C012,2026-03-20,799
U1828,C004,2025-10-06,799
U1306,C019,2025-04-21,1299
U2488,C012,2026-03-16,799
U0819,C003,2025-12-28,499
U1532,C017,2025-03-07,1299
U1841,C003,2025-02-04,499
U2095,C018,2026-02-24,1299
U1203,C012,2025-12-27,799
U1632,C010,2025-04-28,799
U0737,C015,2025-11-27,499
U1759,C010,2025-07-10,799
U1466,C011,2025-03-16,499
U0882,C003,2026-01-16,499
U1524,C002,2025-11-18,799
U0501,C020,2025-11-23,1299
U2820,C013,2025-12-03,499
U0876,C019,2025-11-26,1299
U0953,C017,2025-03-09,1299
U1580,C009,2025-08-06,499
U2160,C008,2025-04-16,799
U2298,C006,2025-03-18,799
U2351,C017,2026-03-08,1299
U2795,C010,2026-03-22,799
U1302,C009,2025-11-24,499
U0812,C011,2025-02-20,499
U2024,C016,2025-02-17,799
U1125,C011,2025-05-03,499
U0509,C007,2025-06-25,499
U2464,C014,2026-01-28,799
U0969,C016,2025-01-22,799
U1168,C012,2025-01-05,799
U1892,C003,2025-05-15,499
U1650,C010,2026-06-25,799
U0161,C013,2025-01-17,499
U0285,C008,2025-04-08,799
U1701,C005,2025-11-05,499
U1126,C012,2025-12-21,799
U1640,C002,2025-11-17,799
U2023,C004,2025-02-18,799
U1612,C017,2026-04-11,1299
U2021,C008,2025-05-05,799
U1532,C019,2025-04-16,1299
U0120,C011,2025-02-18,499
U0043,C019,2025-04-18,1299
U1323,C003,2026-03-23,499
U0928,C017,2025-04-01,1299
U0783,C011,2026-01-13,499
U2202,C002,2025-02-23,799
U1064,C007,2025-02-14,499
U0454,C015,2025-11-08,499
U0308,C004,2025-12-04,799
U2818,C008,2026-01-24,799
U1106,C004,2025-06-24,799
U0565,C011,2026-04-17,499
U0492,C006,2025-11-23,799
U0607,C003,2026-02-28,499
U2609,C002,2025-05-06,799
U2138,C003,2025-09-04,499
U2368,C017,2026-05-17,1299
U1150,C011,2026-05-10,499
U0926,C007,2025-09-28,499
U1214,C006,2025-03-26,799
U1446,C001,2025-09-06,499
U2702,C004,2025-07-30,799
U2847,C003,2025-03-18,499
U2026,C019,2025-08-06,1299
U0054,C015,2025-08-10,499
U1918,C012,2026-01-30,799
U0770,C007,2025-04-18,499
U1395,C018,2026-06-25,1299
U2106,C007,2025-11-17,499
U1278,C003,2026-04-10,499
U2685,C012,2026-06-01,799
U0433,C001,2025-05-14,499
U0897,C013,2026-01-08,499
U1580,C011,2026-06-10,499
U0832,C017,2026-02-14,1299
U0770,C020,2025-10-12,1299
U1733,C007,2025-11-11,499
U2365,C013,2025-04-15,499
U0604,C020,2025-04-20,1299
U0452,C014,2025-01-17,799
U1888,C003,2025-10-01,499
U0118,C007,2026-04-09,499
U1442,C007,2025-05-02,499
U2255,C020,2025-12-29,1299
U1768,C003,2025-06-04,499
U1626,C015,2026-03-18,499
U2081,C003,2025-02-24,499
U1808,C005,2026-01-14,499
U0401,C004,2026-01-27,799
U2999,C014,2026-03-09,799
U0795,C019,2025-07-13,1299
U1650,C004,2025-10-10,799
U2170,C020,2026-05-21,1299
U2125,C011,2025-04-22,499
U2791,C015,2025-09-12,499
U0455,C019,2025-04-28,1299
U0218,C001,2025-02-06,499
U2357,C010,2025-09-02,799
U0270,C015,2025-04-14,499
U1129,C020,2026-02-19,1299
U1606,C009,2025-04-14,499
U0901,C013,2025-10-02,499
U2029,C016,2025-06-25,799
U0834,C006,2025-10-22,799
U2892,C003,2025-10-22,499
U0013,C006,2025-07-09,799
U2062,C020,2026-05-04,1299
U1251,C018,2025-09-02,1299
U0698,C006,2025-03-13,799
U0683,C018,2025-12-07,1299
U1865,C006,2025-01-14,799
U2729,C018,2026-03-15,1299
U1369,C007,2025-07-01,499
U1081,C019,2025-03-20,1299
U0700,C017,2025-01-10,1299
U2434,C001,2026-05-01,499
U2389,C019,2026-05-16,1299
U1014,C001,2025-04-23,499
U0186,C003,2025-01-18,499
U2324,C001,2025-10-25,499
U0936,C012,2026-05-31,799
U0686,C010,2025-05-31,799
U0385,C020,2025-11-08,1299
U1375,C020,2026-05-18,1299
U1437,C010,2025-09-21,799
U2718,C004,2025-09-17,799
U1493,C009,2025-01-14,499
U1445,C004,2025-12-08,799
U2122,C020,2026-05-11,1299
U0462,C017,2026-06-16,1299
U2983,C010,2025-01-22,799
U0606,C008,2025-08-14,799
U2701,C014,2026-01-01,799
U2040,C015,2025-09-08,499
U2366,C016,2026-03-18,799
U1473,C013,2025-04-02,499
U0794,C001,2026-01-22,499
U2617,C015,2025-10-08,499
U2568,C018,2026-04-06,1299
U2159,C014,2025-09-29,799
U2782,C006,2025-12-06,799
U1602,C008,2026-03-04,799
U1132,C008,2025-07-15,799
U0169,C009,2026-06-17,499
U2875,C005,2025-05-06,499
U1776,C020,2026-04-11,1299
U2322,C018,2025-12-22,1299
U1182,C018,2025-01-09,1299
U2044,C018,2025-05-31,1299
U1911,C019,2025-06-03,1299
U2143,C001,2025-06-16,499
U1244,C010,2025-10-23,799
U0265,C013,2025-10-29,499
U0064,C012,2025-02-11,799
U0891,C006,2025-05-07,799
U0218,C003,2025-11-10,499
U0021,C016,2025-12-27,799
U2705,C005,2025-01-01,499
U0205,C006,2025-05-22,799
U1435,C018,2025-10-18,1299
U2057,C005,2025-06-08,499
U0353,C009,2025-10-05,499
U0585,C020,2025-07-21,1299
U1770,C018,2025-03-24,1299
U1192,C018,2025-02-02,1299
U1939,C013,2025-12-30,499
U1019,C013,2026-01-31,499
U1731,C018,2025-04-11,1299
U1071,C006,2025-11-06,799
U2446,C006,2025-06-27,799
U2310,C015,2025-11-27,499
U2369,C011,2025-07-24,499
U1025,C020,2026-03-03,1299
U2271,C005,2025-11-05,499
U1250,C008,2025-11-01,799
U2322,C011,2026-04-18,499
U2236,C010,2026-01-20,799
U1790,C008,2025-05-22,799
U2157,C005,2025-11-17,499
U2064,C008,2026-01-02,799
U1919,C015,2026-03-14,499
U1911,C004,2026-02-25,799
U1890,C014,2025-01-28,799
U1725,C009,2025-05-24,499
U2520,C002,2025-11-06,799
U0994,C002,2026-06-09,799
U1529,C018,2025-10-28,1299
U0220,C013,2026-02-07,499
U0516,C003,2025-01-07,499
U1896,C011,2026-06-15,499
U1886,C015,2025-02-25,499
U0347,C003,2025-10-04,499
U2662,C003,2025-12-08,499
U2435,C006,2025-10-25,799
U2317,C011,2025-12-06,499
U0250,C002,2026-06-08,799
U2937,C019,2025-07-29,1299
U2115,C010,2026-05-23,799
U0559,C004,2025-06-08,799
U1233,C020,2025-11-15,1299
U2946,C006,2025-01-07,799
U1987,C009,2025-07-25,499
U0470,C020,2025-01-01,1299
U0627,C014,2025-05-04,799
U2130,C004,2025-09-11,799
U0837,C019,2026-05-01,1299
U0101,C008,2026-06-02,799
U1818,C001,2025-02-26,499
U0499,C014,2026-02-19,799
U1982,C002,2025-08-29,799
U2240,C005,2026-03-26,499
U2696,C012,2025-05-07,799
U1771,C018,2025-01-23,1299
U0757,C016,2025-09-04,799
U0700,C003,2025-07-25,499
U1951,C017,2025-10-24,1299
U1186,C018,2025-04-13,1299
U2412,C005,2026-01-12,499
U2735,C002,2026-02-05,799
U1581,C002,2025-04-20,799
U1901,C001,2026-03-12,499
U0607,C011,2025-10-18,499
U1873,C002,2026-02-03,799
U0046,C017,2025-11-07,1299
U0140,C011,2026-04-01,499
U0175,C003,2025-12-30,499
U0571,C007,2026-04-15,499
U1135,C016,2025-06-12,799
U1466,C013,2026-05-31,499
U0864,C005,2026-06-22,499
U1600,C010,2025-03-06,799
U0715,C008,2025-06-05,799
U1442,C015,2025-12-14,499
U1883,C013,2025-05-24,499
U1141,C010,2025-11-07,799
U1614,C018,2026-05-11,1299
U1543,C015,2025-07-04,499
U2360,C009,2026-06-04,499
U2699,C009,2025-09-23,499
U0531,C003,2025-11-28,499
U2412,C016,2025-12-23,799
U2395,C002,2026-02-18,799
U0277,C019,2025-01-31,1299
U0652,C018,2025-04-09,1299
U2725,C012,2026-05-27,799
U2783,C003,2025-11-28,499
U0949,C009,2025-08-31,499
U0432,C019,2025-06-28,1299
U2983,C002,2026-01-29,799
U1721,C005,2025-03-07,499
U0254,C018,2025-09-14,1299
U0469,C008,2025-03-16,799
U1809,C019,2026-01-19,1299
U2485,C010,2025-01-31,799
U0713,C015,2025-04-21,499
U2862,C018,2026-01-22,1299
U0546,C008,2025-07-24,799
U0802,C019,2026-05-18,1299
U1793,C004,2025-10-20,799
U0924,C014,2025-06-15,799
U1778,C018,2025-07-16,1299
U0353,C007,2025-01-25,499
U2577,C014,2025-04-09,799
U0834,C006,2025-05-24,799
U0022,C002,2026-02-22,799
U2328,C015,2025-03-15,499
U1396,C001,2026-06-25,499
U2033,C002,2025-08-01,799
U2337,C016,2026-05-01,799
U2052,C015,2026-01-01,499
U2534,C002,2025-05-22,799
U0276,C005,2026-03-14,499
U2562,C019,2025-03-14,1299
U2332,C002,2025-05-11,799
U2119,C009,2025-04-14,499
U0484,C006,2025-08-25,799
U0211,C020,2025-12-05,1299
U0093,C007,2025-10-24,499
U1030,C005,2026-01-02,499
U0279,C015,2025-06-11,499
U1180,C001,2025-09-05,499
U2121,C003,2026-05-28,499
U1279,C012,2025-02-28,799
U2237,C001,2025-04-24,499
U2388,C005,2025-09-27,499
U2676,C020,2025-02-03,1299
U1385,C004,2025-09-25,799
U0822,C018,2025-03-02,1299
U0571,C003,2025-12-04,499
U2718,C002,2025-03-05,799
U0966,C020,2025-03-16,1299
U2310,C019,2025-02-06,1299
U1417,C017,2026-03-03,1299
U2451,C003,2025-03-24,499
U2259,C016,2025-05-13,799
U1109,C018,2025-02-12,1299
U0427,C002,2026-05-24,799
U2080,C006,2025-12-25,799
U1768,C009,2025-11-07,499
U0933,C008,2025-02-26,799
U0108,C014,2025-07-20,799
U2189,C015,2026-01-24,499
U2794,C006,2025-01-19,799
U2264,C012,2025-02-23,799
U1586,C007,2026-01-22,499
U2849,C014,2026-03-17,799
U2873,C006,2025-05-22,799
U0474,C018,2025-05-01,1299
U2522,C006,2026-01-12,799
U1441,C003,2025-12-18,499
U1789,C003,2025-03-01,499
U0976,C016,2025-04-05,799
U2411,C011,2025-08-21,499
U1692,C005,2025-02-16,499
U0062,C015,2025-09-13,499
U0233,C006,2025-02-28,799
U0520,C006,2025-07-04,799
U1158,C013,2025-11-18,499
U1433,C005,2025-09-08,499
U1198,C012,2026-02-12,799
U1961,C009,2025-05-06,499
U2690,C014,2025-03-20,799
U1025,C011,2025-07-30,499
U2028,C008,2026-01-01,799
U0903,C020,2025-11-06,1299
U1503,C013,2025-10-27,499
U2678,C003,2026-06-24,499
U1096,C019,2026-05-31,1299
U0428,C009,2025-12-21,499
U1683,C002,2026-05-13,799
U1146,C011,2025-07-28,499
U0562,C010,2026-06-18,799
U0945,C001,2025-08-04,499
U0503,C013,2025-05-26,499
U0147,C002,2026-03-27,799
U2663,C017,2026-04-10,1299
U0468,C013,2026-05-26,499
U0139,C018,2025-10-12,1299
U2410,C014,2025-11-04,799
U0347,C007,2025-10-13,499
U2498,C007,2026-05-23,499
U0078,C011,2026-01-27,499
U1576,C019,2025-02-15,1299
U0920,C019,2026-01-24,1299
U0756,C013,2026-03-18,499
U2182,C014,2025-11-09,799
U0129,C011,2025-12-23,499
U0107,C018,2025-12-11,1299
U1076,C018,2025-08-10,1299
U0113,C008,2026-03-21,799
U1752,C003,2025-02-28,499
U0448,C007,2026-02-02,499
U2955,C003,2025-10-22,499
U2191,C003,2026-03-11,499
U2346,C001,2026-06-16,499
U1066,C020,2026-01-26,1299
U1915,C004,2025-09-01,799
U0541,C005,2025-01-16,499
U1150,C008,2025-10-08,799
U0351,C008,2025-10-30,799
U1383,C014,2026-02-09,799
U0159,C017,2025-10-08,1299
U1482,C017,2025-09-14,1299
U2675,C014,2025-01-13,799
U0510,C005,2025-11-25,499
U1084,C020,2025-07-03,1299
U1818,C008,2025-01-18,799
U1802,C010,2026-04-23,799
U0152,C014,2026-05-07,799
U2613,C012,2025-08-12,799
U1674,C017,2025-03-23,1299
U1133,C007,2025-11-18,499
U0263,C020,2025-07-04,1299
U1057,C015,2025-10-10,499
U1064,C005,2026-05-22,499
U0522,C001,2025-06-28,499
U0602,C020,2025-02-20,1299
U0954,C016,2025-02-09,799
U0755,C004,2026-06-03,799
U1804,C008,2025-11-21,799
U0172,C001,2025-08-22,499
U0250,C017,2025-09-23,1299
U1055,C008,2025-12-28,799
U2214,C019,2025-02-15,1299
U2460,C005,2025-12-25,499
U0448,C004,2026-06-04,799
U1818,C008,2026-06-08,799
U0318,C018,2025-07-28,1299
U1335,C008,2026-01-16,799
U2790,C016,2025-03-15,799
U2630,C005,2025-10-17,499
U0587,C001,2025-12-01,499
U2487,C016,2026-01-04,799
U1373,C019,2026-01-19,1299
U1928,C004,2025-10-29,799
U2548,C008,2025-06-14,799
U1509,C009,2025-10-25,499
U0615,C007,2025-01-27,499
U0436,C001,2025-08-05,499
U1283,C011,2026-06-05,499
U2382,C008,2025-12-19,799
U0881,C011,2025-02-03,499
U2692,C014,2025-06-03,799
U1561,C020,2025-03-22,1299
U0317,C011,2025-08-18,499
U2316,C005,2026-03-05,499
U2208,C007,2025-05-05,499
U2162,C019,2025-02-22,1299
U2487,C005,2026-06-22,499
U2132,C001,2025-11-21,499
U1103,C005,2025-10-28,499
U1000,C013,2025-09-06,499
U1483,C013,2026-04-12,499
U1290,C017,2025-04-29,1299
U2839,C001,2026-04-01,499
U1680,C009,2025-03-23,499
U1442,C014,2026-06-02,799
U0314,C015,2026-01-06,499
U2677,C001,2025-08-24,499
U1839,C003,2026-03-05,499
U0942,C009,2025-05-09,499
U2203,C010,2026-02-22,799
U2762,C010,2025-05-22,799
U2481,C002,2025-10-21,799
U1400,C009,2025-05-01,499
U0334,C006,2026-03-08,799
U2069,C009,2026-05-22,499
U2592,C020,2025-07-22,1299
U0737,C014,2026-04-10,799
U0064,C010,2025-05-04,799
U1715,C009,2026-04-27,499
U0414,C004,2025-02-04,799
U1768,C008,2025-06-20,799
U0300,C006,2026-06-12,799
U2169,C002,2026-02-02,799
U1730,C007,2025-05-11,499
U1648,C004,2025-09-05,799
U2917,C004,2025-05-02,799
U1380,C020,2025-12-11,1299
U2423,C002,2025-04-21,799
U2959,C012,2025-03-17,799
U1454,C006,2026-04-05,799
U1675,C011,2026-04-06,499
U1785,C016,2026-05-04,799
U2868,C018,2025-07-07,1299
U2965,C010,2026-06-06,799
U0344,C006,2025-01-08,799
U2432,C015,2026-01-14,499
U2761,C005,2026-04-10,499
U1554,C013,2026-03-26,499
U0724,C012,2025-10-14,799
U0397,C015,2025-11-01,499
U2021,C018,2025-02-19,1299
U2311,C016,2026-06-22,799
U2375,C001,2026-03-13,499
U1169,C014,2026-01-29,799
U1305,C011,2025-07-02,499
U0587,C010,2025-08-04,799
U1764,C020,2025-10-12,1299
U2356,C020,2025-11-18,1299
U0408,C002,2025-10-19,799
U0679,C003,2025-10-22,499
U1122,C007,2026-03-26,499
U0917,C007,2025-06-23,499
U1182,C002,2025-09-23,799
U2483,C009,2025-04-19,499
U0949,C004,2025-10-13,799
U0578,C009,2025-07-31,499
U2262,C009,2026-06-05,499
U0692,C019,2025-02-10,1299
U2212,C004,2025-07-19,799
U0028,C006,2025-01-27,799
U1514,C002,2025-10-16,799
U2340,C008,2026-04-01,799
U2134,C007,2026-04-10,499
U1209,C002,2025-04-23,799
U2934,C009,2025-05-03,499
U1821,C005,2026-03-19,499
U2021,C011,2025-03-30,499
U0561,C013,2025-04-30,499
U1449,C019,2025-03-22,1299
U0912,C016,2025-03-18,799
U1340,C014,2026-06-04,799
U1374,C017,2026-04-10,1299
U2584,C014,2026-06-10,799
U2753,C009,2025-03-17,499
U2896,C001,2025-11-19,499
U0158,C002,2025-04-13,799
U2889,C015,2026-06-18,499
U1301,C010,2025-02-06,799
U2599,C001,2025-01-09,499
U1008,C020,2026-01-21,1299
U0902,C007,2025-07-20,499
U1087,C015,2025-06-05,499
U1985,C020,2025-07-11,1299
U2035,C019,2025-05-15,1299
U0814,C001,2025-04-01,499
U2115,C018,2025-08-08,1299
U0014,C008,2025-03-10,799
U2010,C020,2025-08-02,1299
U2909,C005,2025-02-09,499
U1713,C016,2025-09-27,799
U2513,C019,2025-08-29,1299
U2613,C007,2026-05-11,499
U2173,C015,2025-07-04,499
U1230,C017,2025-08-26,1299
U1197,C003,2026-05-12,499
U2008,C005,2026-02-06,499
U2449,C020,2026-05-08,1299
U1211,C017,2025-08-13,1299
U0461,C018,2025-10-22,1299
U1719,C015,2025-11-30,499
U1014,C011,2026-03-12,499
U0475,C019,2026-04-21,1299
U1307,C002,2025-04-27,799
U1424,C005,2026-02-12,499
U2887,C006,2026-05-11,799
U2004,C011,2026-02-26,499
U2815,C016,2025-01-30,799
U1192,C009,2026-06-04,499
U0882,C011,2026-02-23,499
U0250,C013,2025-11-27,499
U1072,C016,2025-11-22,799
U1685,C008,2026-03-29,799
U1742,C009,2025-09-24,499
U0224,C010,2026-05-13,799
U2983,C014,2025-12-14,799
U2607,C003,2025-02-16,499
U1264,C003,2026-02-24,499
U0907,C016,2025-06-20,799
U2196,C001,2025-04-23,499
U2513,C006,2025-12-04,799
U0530,C009,2025-01-21,499
U2959,C001,2026-01-24,499
U0370,C019,2025-12-08,1299
U1445,C018,2025-03-06,1299
U2683,C014,2026-06-16,799
U0863,C010,2025-07-23,799
U0644,C005,2026-02-10,499
U2941,C011,2025-10-25,499
U0662,C009,2026-01-18,499
U1358,C015,2025-08-09,499
U2265,C004,2025-09-12,799
U0056,C005,2025-01-21,499
U2157,C018,2026-05-29,1299
U1630,C002,2026-05-12,799
U0174,C017,2025-10-17,1299
U1235,C018,2025-08-24,1299
U2587,C019,2025-09-11,1299
U0139,C002,2025-05-07,799
U1548,C003,2026-02-15,499
U0538,C014,2025-10-04,799
U0348,C017,2025-03-17,1299
U2067,C012,2026-03-02,799
U0083,C013,2025-06-05,499
U0392,C013,2026-02-05,499
U0796,C004,2025-11-16,799
U1326,C017,2026-06-09,1299
U0096,C018,2025-10-08,1299
U1880,C004,2025-04-13,799
U1083,C009,2026-04-28,499
U1543,C003,2026-03-16,499
U0382,C016,2026-02-21,799
U2298,C019,2026-05-10,1299
U1165,C005,2026-06-03,499
U1002,C015,2025-01-18,499
U2036,C001,2026-02-08,499
U1527,C020,2025-04-21,1299
U1853,C004,2025-01-26,799
U1628,C013,2025-08-26,499
U1832,C002,2026-05-04,799
U2307,C005,2025-11-15,499
U1362,C013,2025-03-27,499
U0391,C007,2025-06-23,499
U0851,C015,2026-05-17,499
U2431,C002,2025-03-27,799
U0579,C001,2026-04-30,499
U2144,C010,2025-08-27,799
U0242,C002,2026-05-21,799
U1033,C015,2025-11-15,499
U1384,C020,2025-06-04,1299
U0150,C013,2026-02-21,499
U0023,C019,2025-08-03,1299
U2304,C012,2026-05-16,799
U2235,C020,2025-11-17,1299
U2671,C008,2025-11-26,799
U1890,C002,2026-05-10,799
U2108,C005,2025-03-25,499
U0431,C009,2025-03-21,499
U1539,C013,2025-01-14,499
U0664,C001,2025-05-05,499
U0681,C010,2026-03-25,799
U0466,C017,2026-03-11,1299
U2029,C013,2026-06-22,499
U1996,C011,2026-03-05,499
U1636,C006,2025-10-31,799
U0482,C020,2025-10-29,1299
U2949,C010,2025-10-05,799
U2141,C006,2026-01-16,799
U2310,C008,2025-06-19,799
U0580,C013,2026-06-20,499
U2806,C005,2026-01-16,499
U2128,C011,2025-09-15,499
U1934,C008,2025-08-04,799
U1353,C008,2025-05-19,799
U0673,C008,2026-05-01,799
U0041,C015,2026-03-03,499
U0735,C012,2026-04-27,799
U0275,C003,2025-11-16,499
U2874,C014,2025-07-24,799
U2843,C014,2026-04-15,799
U1356,C008,2025-03-04,799
U2560,C019,2025-06-10,1299
U0274,C007,2025-08-20,499
U1413,C012,2025-01-15,799
U0790,C016,2025-10-19,799
U1746,C008,2025-11-10,799
U1505,C015,2026-02-17,499
U1044,C007,2025-07-27,499
U0318,C011,2025-06-06,499
U0422,C008,2025-08-10,799
U1147,C016,2025-09-27,799
U2309,C011,2025-05-10,499
U2140,C015,2026-01-28,499
U1353,C012,2025-10-11,799
U2523,C010,2026-04-30,799
U0858,C005,2025-01-03,499
U0950,C017,2025-04-04,1299
U2519,C017,2025-05-27,1299
U0676,C007,2025-01-01,499
U1325,C009,2025-02-23,499
U0562,C008,2026-03-27,799
U1743,C003,2026-04-29,499
U1340,C004,2026-05-28,799
U0481,C014,2026-02-07,799
U1546,C019,2026-01-30,1299
U2893,C004,2025-12-30,799
U1277,C002,2026-06-19,799
U1299,C006,2025-03-22,799
U2480,C013,2025-08-08,499
U0681,C002,2025-10-12,799
U2914,C011,2026-03-24,499
U2296,C010,2026-05-17,799
U2848,C015,2025-09-14,499
U2808,C007,2026-03-22,499
U2671,C013,2025-07-02,499
U0104,C014,2026-01-10,799
U1910,C002,2025-12-21,799
U2984,C006,2025-08-07,799
U2528,C002,2025-07-15,799
U1567,C007,2025-07-03,499
U0044,C006,2026-03-29,799
U1479,C013,2025-07-19,499
U0023,C013,2025-11-14,499
U1346,C010,2026-01-13,799
U1040,C004,2025-01-14,799
U2486,C007,2025-02-04,499
U2652,C001,2026-05-06,499
U1632,C007,2025-09-17,499
U1124,C001,2025-02-28,499
U2344,C008,2025-02-01,799
U2942,C010,2026-04-28,799
U2489,C005,2026-04-11,499
U2009,C011,2026-04-30,499
U2653,C014,2025-04-17,799
U0157,C003,2025-01-30,499
U2511,C012,2025-06-06,799
U2891,C012,2025-07-01,799
U0540,C006,2026-03-06,799
U0490,C011,2026-03-31,499
